refund_id,order_id,refund_amount,refund_ts,status
1,57,49.99,2012-04-06 11:32:43+00:00,processed
2,74,49.99,2012-04-13 01:09:43+00:00,processed
3,71,49.99,2012-04-15 07:03:48+00:00,processed
4,118,49.99,2012-04-17 20:00:37+00:00,processed
5,116,49.99,2012-04-22 20:53:49+00:00,processed
6,147,49.99,2012-05-04 11:59:07+00:00,processed
7,186,49.99,2012-05-12 02:41:14+00:00,processed
8,191,49.99,2012-05-16 13:06:01+00:00,processed
9,179,49.99,2012-05-24 16:00:09+00:00,processed
10,199,49.99,2012-05-30 17:20:44+00:00,processed
11,271,49.99,2012-06-06 14:22:14+00:00,processed
12,290,49.99,2012-06-10 19:54:47+00:00,processed
13,335,49.99,2012-06-20 19:13:12+00:00,processed
14,382,49.99,2012-06-28 18:54:22+00:00,processed
15,357,49.99,2012-06-29 15:50:01+00:00,processed
16,409,49.99,2012-07-05 14:24:53+00:00,processed
17,368,49.99,2012-07-07 07:36:44+00:00,processed
18,391,49.99,2012-07-07 19:54:28+00:00,processed
19,424,49.99,2012-07-08 02:59:09+00:00,processed
20,393,49.99,2012-07-10 14:31:05+00:00,processed
21,442,49.99,2012-07-11 22:16:10+00:00,processed
22,472,49.99,2012-07-19 06:57:16+00:00,processed
23,470,49.99,2012-07-20 13:51:53+00:00,processed
24,469,49.99,2012-07-21 09:45:01+00:00,processed
25,471,49.99,2012-07-22 12:53:11+00:00,processed
26,468,49.99,2012-07-27 18:03:58+00:00,processed
27,467,49.99,2012-07-29 07:41:18+00:00,processed
28,500,49.99,2012-07-31 01:43:50+00:00,processed
29,501,49.99,2012-08-01 13:50:52+00:00,processed
30,568,49.99,2012-08-06 23:16:41+00:00,processed
31,545,49.99,2012-08-08 17:45:11+00:00,processed
32,558,49.99,2012-08-09 17:14:14+00:00,processed
33,577,49.99,2012-08-12 01:39:11+00:00,processed
34,648,49.99,2012-08-12 19:26:58+00:00,processed
35,669,49.99,2012-08-15 03:07:26+00:00,processed
36,587,49.99,2012-08-16 10:58:58+00:00,processed
37,581,49.99,2012-08-17 00:42:29+00:00,processed
38,584,49.99,2012-08-17 00:43:39+00:00,processed
39,638,49.99,2012-08-18 09:15:40+00:00,processed
40,676,49.99,2012-08-20 08:19:51+00:00,processed
41,717,49.99,2012-08-23 12:16:35+00:00,processed
42,661,49.99,2012-08-24 15:15:48+00:00,processed
43,694,49.99,2012-08-27 04:21:11+00:00,processed
44,668,49.99,2012-08-27 14:26:16+00:00,processed
45,739,49.99,2012-08-29 00:16:18+00:00,processed
46,718,49.99,2012-08-29 14:11:58+00:00,processed
47,780,49.99,2012-09-01 10:36:40+00:00,processed
48,786,49.99,2012-09-03 21:08:59+00:00,processed
49,760,49.99,2012-09-08 09:52:41+00:00,processed
50,844,49.99,2012-09-12 12:31:11+00:00,processed
51,823,49.99,2012-09-13 07:09:10+00:00,processed
52,883,49.99,2012-09-14 07:45:19+00:00,processed
53,818,49.99,2012-09-14 09:09:54+00:00,processed
54,900,49.99,2012-09-14 21:56:14+00:00,processed
55,838,49.99,2012-09-15 09:00:25+00:00,processed
56,807,49.99,2012-09-15 19:18:27+00:00,processed
57,910,49.99,2012-09-18 08:07:59+00:00,processed
58,849,49.99,2012-09-19 19:57:16+00:00,processed
59,988,49.99,2012-09-22 17:50:53+00:00,processed
60,934,49.99,2012-09-24 12:27:05+00:00,processed
61,993,49.99,2012-09-24 15:13:26+00:00,processed
62,950,49.99,2012-09-24 20:49:53+00:00,processed
63,969,49.99,2012-09-25 08:14:53+00:00,processed
64,953,49.99,2012-09-27 01:07:36+00:00,processed
65,905,49.99,2012-09-27 04:26:24+00:00,processed
66,941,49.99,2012-09-29 19:44:05+00:00,processed
67,939,49.99,2012-09-30 10:29:56+00:00,processed
68,1006,49.99,2012-10-02 19:14:21+00:00,processed
69,1107,49.99,2012-10-05 11:06:14+00:00,processed
70,1069,49.99,2012-10-05 18:22:42+00:00,processed
71,984,49.99,2012-10-06 00:04:13+00:00,processed
72,1021,49.99,2012-10-06 07:54:10+00:00,processed
73,1129,49.99,2012-10-07 01:25:32+00:00,processed
74,1103,49.99,2012-10-07 15:51:25+00:00,processed
75,1036,49.99,2012-10-08 15:43:52+00:00,processed
76,1063,49.99,2012-10-10 10:23:40+00:00,processed
77,1078,49.99,2012-10-10 13:15:44+00:00,processed
78,1056,49.99,2012-10-10 15:18:51+00:00,processed
79,1145,49.99,2012-10-13 21:35:11+00:00,processed
80,1123,49.99,2012-10-14 19:15:52+00:00,processed
81,1226,49.99,2012-10-17 12:24:18+00:00,processed
82,1279,49.99,2012-10-20 13:42:51+00:00,processed
83,1245,49.99,2012-10-20 17:49:01+00:00,processed
84,1271,49.99,2012-10-21 19:42:47+00:00,processed
85,1167,49.99,2012-10-22 11:33:07+00:00,processed
86,1243,49.99,2012-10-22 14:28:55+00:00,processed
87,1318,49.99,2012-10-23 18:58:17+00:00,processed
88,1227,49.99,2012-10-25 04:26:48+00:00,processed
89,1283,49.99,2012-10-26 07:25:27+00:00,processed
90,1222,49.99,2012-10-28 06:17:14+00:00,processed
91,1233,49.99,2012-10-29 00:19:14+00:00,processed
92,1274,49.99,2012-11-01 08:02:36+00:00,processed
93,1426,49.99,2012-11-01 17:40:26+00:00,processed
94,1267,49.99,2012-11-01 18:56:47+00:00,processed
95,1451,49.99,2012-11-02 14:46:50+00:00,processed
96,1445,49.99,2012-11-03 18:58:54+00:00,processed
97,1393,49.99,2012-11-04 06:41:25+00:00,processed
98,1351,49.99,2012-11-05 18:35:20+00:00,processed
99,1324,49.99,2012-11-06 16:47:45+00:00,processed
100,1480,49.99,2012-11-06 17:59:29+00:00,processed
101,1422,49.99,2012-11-07 10:23:24+00:00,processed
102,1368,49.99,2012-11-09 07:25:56+00:00,processed
103,1515,49.99,2012-11-11 02:57:29+00:00,processed
104,1468,49.99,2012-11-12 13:31:27+00:00,processed
105,1525,49.99,2012-11-13 04:28:08+00:00,processed
106,1547,49.99,2012-11-13 18:51:02+00:00,processed
107,1443,49.99,2012-11-14 01:09:00+00:00,processed
108,1559,49.99,2012-11-14 20:42:32+00:00,processed
109,1576,49.99,2012-11-15 03:18:16+00:00,processed
110,1552,49.99,2012-11-15 22:31:01+00:00,processed
111,1584,49.99,2012-11-17 16:07:01+00:00,processed
112,1483,49.99,2012-11-17 20:47:59+00:00,processed
113,1532,49.99,2012-11-18 11:31:16+00:00,processed
114,1544,49.99,2012-11-18 22:56:28+00:00,processed
115,1626,49.99,2012-11-19 17:29:51+00:00,processed
116,1638,49.99,2012-11-21 06:39:21+00:00,processed
117,1528,49.99,2012-11-21 18:20:39+00:00,processed
118,1653,49.99,2012-11-22 01:35:09+00:00,processed
119,1637,49.99,2012-11-25 21:13:28+00:00,processed
120,1756,49.99,2012-11-25 21:54:01+00:00,processed
121,1660,49.99,2012-11-26 03:35:40+00:00,processed
122,1646,49.99,2012-11-26 15:40:13+00:00,processed
123,1631,49.99,2012-11-26 23:13:16+00:00,processed
124,1617,49.99,2012-11-27 09:18:30+00:00,processed
125,1779,49.99,2012-11-27 09:36:25+00:00,processed
126,1848,49.99,2012-11-27 18:57:24+00:00,processed
127,1748,49.99,2012-11-27 19:18:26+00:00,processed
128,1815,49.99,2012-11-28 01:24:41+00:00,processed
129,1604,49.99,2012-11-28 12:23:54+00:00,processed
130,1908,49.99,2012-11-29 17:23:22+00:00,processed
131,1636,49.99,2012-11-30 10:45:33+00:00,processed
132,2064,49.99,2012-12-02 16:26:56+00:00,processed
133,2051,49.99,2012-12-02 20:46:16+00:00,processed
134,1988,49.99,2012-12-02 23:09:37+00:00,processed
135,1909,49.99,2012-12-03 00:54:53+00:00,processed
136,1905,49.99,2012-12-03 22:16:21+00:00,processed
137,1961,49.99,2012-12-03 22:45:33+00:00,processed
138,1918,49.99,2012-12-04 02:54:59+00:00,processed
139,1776,49.99,2012-12-04 15:16:20+00:00,processed
140,2028,49.99,2012-12-04 17:07:30+00:00,processed
141,1797,49.99,2012-12-05 13:29:12+00:00,processed
142,1915,49.99,2012-12-05 14:58:49+00:00,processed
143,1818,49.99,2012-12-05 21:25:47+00:00,processed
144,1947,49.99,2012-12-06 00:11:14+00:00,processed
145,1745,49.99,2012-12-08 09:35:07+00:00,processed
146,2050,49.99,2012-12-09 02:30:55+00:00,processed
147,2184,49.99,2012-12-11 09:41:38+00:00,processed
148,2098,49.99,2012-12-12 17:40:37+00:00,processed
149,2045,49.99,2012-12-13 18:49:37+00:00,processed
150,2241,49.99,2012-12-13 21:56:23+00:00,processed
151,2057,49.99,2012-12-14 00:26:51+00:00,processed
152,2165,49.99,2012-12-15 01:53:06+00:00,processed
153,2147,49.99,2012-12-15 18:15:51+00:00,processed
154,2341,49.99,2012-12-18 06:03:13+00:00,processed
155,2172,49.99,2012-12-18 10:33:26+00:00,processed
156,2244,49.99,2012-12-18 16:32:34+00:00,processed
157,2202,49.99,2012-12-19 10:27:35+00:00,processed
158,2365,49.99,2012-12-20 10:37:58+00:00,processed
159,2377,49.99,2012-12-21 23:38:22+00:00,processed
160,2415,49.99,2012-12-22 07:03:24+00:00,processed
161,2337,49.99,2012-12-23 12:55:13+00:00,processed
162,2249,49.99,2012-12-24 02:35:44+00:00,processed
163,2444,49.99,2012-12-26 16:24:38+00:00,processed
164,2445,49.99,2012-12-26 20:36:29+00:00,processed
165,2323,49.99,2012-12-26 21:48:11+00:00,processed
166,2398,49.99,2012-12-27 18:09:17+00:00,processed
167,2479,49.99,2012-12-28 15:07:54+00:00,processed
168,2446,49.99,2012-12-31 17:05:00+00:00,processed
169,2431,49.99,2012-12-31 22:19:36+00:00,processed
170,2426,49.99,2013-01-01 14:30:14+00:00,processed
171,2498,49.99,2013-01-04 00:06:45+00:00,processed
172,2489,49.99,2013-01-04 11:38:50+00:00,processed
173,2504,49.99,2013-01-05 17:00:37+00:00,processed
174,2492,49.99,2013-01-06 01:50:15+00:00,processed
175,2495,49.99,2013-01-06 07:42:52+00:00,processed
176,2549,49.99,2013-01-07 01:10:03+00:00,processed
177,2525,49.99,2013-01-07 17:47:46+00:00,processed
178,2619,49.99,2013-01-09 17:13:54+00:00,processed
179,2576,49.99,2013-01-10 20:07:54+00:00,processed
180,2711,49.99,2013-01-12 05:10:13+00:00,processed
181,2715,49.99,2013-01-15 12:24:45+00:00,processed
182,2621,49.99,2013-01-15 13:09:56+00:00,processed
183,2752,49.99,2013-01-17 04:44:14+00:00,processed
184,2660,49.99,2013-01-17 18:44:28+00:00,processed
185,2790,49.99,2013-01-19 22:51:37+00:00,processed
186,2755,49.99,2013-01-24 13:47:12+00:00,processed
187,2777,49.99,2013-01-27 04:11:13+00:00,processed
188,2789,49.99,2013-01-27 04:20:14+00:00,processed
189,2805,49.99,2013-01-28 08:17:35+00:00,processed
190,2846,59.99,2013-01-29 06:53:06+00:00,processed
191,2961,49.99,2013-02-01 19:47:16+00:00,processed
192,2833,49.99,2013-02-01 21:10:04+00:00,processed
193,2911,49.99,2013-02-02 14:05:43+00:00,processed
194,2978,49.99,2013-02-03 20:08:05+00:00,processed
195,2998,59.99,2013-02-06 16:47:17+00:00,processed
196,2906,49.99,2013-02-07 05:42:43+00:00,processed
197,2913,49.99,2013-02-07 20:48:37+00:00,processed
198,2958,49.99,2013-02-10 23:31:08+00:00,processed
199,3079,49.99,2013-02-12 00:01:58+00:00,processed
200,3014,49.99,2013-02-12 11:30:22+00:00,processed
201,3019,49.99,2013-02-12 13:57:44+00:00,processed
202,2999,49.99,2013-02-13 02:20:25+00:00,processed
203,3073,49.99,2013-02-14 01:34:01+00:00,processed
204,3048,49.99,2013-02-20 05:32:09+00:00,processed
205,3067,49.99,2013-02-20 05:50:45+00:00,processed
206,3284,59.99,2013-02-20 06:06:12+00:00,processed
207,3109,49.99,2013-02-22 05:03:31+00:00,processed
208,3297,49.99,2013-02-22 16:58:52+00:00,processed
209,3199,49.99,2013-02-26 16:19:54+00:00,processed
210,3118,49.99,2013-02-27 02:11:35+00:00,processed
211,3355,49.99,2013-02-27 15:03:31+00:00,processed
212,3178,49.99,2013-02-28 01:47:26+00:00,processed
213,3380,49.99,2013-02-28 03:34:35+00:00,processed
214,3306,49.99,2013-03-02 02:09:14+00:00,processed
215,3396,49.99,2013-03-02 02:13:15+00:00,processed
216,3313,49.99,2013-03-04 02:16:39+00:00,processed
217,3487,49.99,2013-03-05 03:49:45+00:00,processed
218,3373,49.99,2013-03-05 05:29:03+00:00,processed
219,3425,49.99,2013-03-05 09:12:30+00:00,processed
220,3400,49.99,2013-03-06 05:10:24+00:00,processed
221,3316,49.99,2013-03-06 07:46:28+00:00,processed
222,3452,49.99,2013-03-07 21:42:06+00:00,processed
223,3524,49.99,2013-03-08 12:47:00+00:00,processed
224,3517,49.99,2013-03-08 22:58:45+00:00,processed
225,3417,49.99,2013-03-10 19:23:47+00:00,processed
226,3499,59.99,2013-03-17 21:26:57+00:00,processed
227,3607,49.99,2013-03-19 07:16:03+00:00,processed
228,3573,49.99,2013-03-19 09:49:01+00:00,processed
229,3563,59.99,2013-03-20 07:28:22+00:00,processed
230,3585,49.99,2013-03-21 11:20:07+00:00,processed
231,3549,49.99,2013-03-22 13:12:35+00:00,processed
232,3633,49.99,2013-03-24 09:17:09+00:00,processed
233,3632,49.99,2013-03-26 03:39:53+00:00,processed
234,3806,49.99,2013-03-31 17:52:14+00:00,processed
235,3713,49.99,2013-04-02 12:23:05+00:00,processed
236,3769,49.99,2013-04-03 19:46:38+00:00,processed
237,3764,49.99,2013-04-04 08:41:53+00:00,processed
238,3807,49.99,2013-04-05 06:08:15+00:00,processed
239,3757,49.99,2013-04-06 17:10:41+00:00,processed
240,3814,49.99,2013-04-07 08:38:39+00:00,processed
241,3798,59.99,2013-04-08 12:42:14+00:00,processed
242,3856,49.99,2013-04-08 18:35:49+00:00,processed
243,3811,49.99,2013-04-10 04:56:35+00:00,processed
244,3953,49.99,2013-04-10 07:44:15+00:00,processed
245,3866,49.99,2013-04-12 07:36:08+00:00,processed
246,4033,49.99,2013-04-17 05:01:41+00:00,processed
247,3933,49.99,2013-04-17 14:45:43+00:00,processed
248,4114,49.99,2013-04-18 10:28:46+00:00,processed
249,4112,49.99,2013-04-19 02:21:21+00:00,processed
250,3989,49.99,2013-04-19 22:59:51+00:00,processed
251,4182,49.99,2013-04-20 02:52:26+00:00,processed
252,4045,49.99,2013-04-20 06:55:06+00:00,processed
253,4005,49.99,2013-04-20 13:19:04+00:00,processed
254,4001,49.99,2013-04-20 17:04:11+00:00,processed
255,4065,49.99,2013-04-21 09:43:18+00:00,processed
256,4037,49.99,2013-04-22 08:05:09+00:00,processed
257,3993,49.99,2013-04-23 12:58:36+00:00,processed
258,4222,49.99,2013-05-02 04:42:18+00:00,processed
259,4304,59.99,2013-05-03 15:55:59+00:00,processed
260,4396,49.99,2013-05-04 00:28:40+00:00,processed
261,4344,49.99,2013-05-04 18:05:01+00:00,processed
262,4257,49.99,2013-05-05 01:01:17+00:00,processed
263,4438,49.99,2013-05-07 02:38:13+00:00,processed
264,4420,49.99,2013-05-09 17:34:56+00:00,processed
265,4444,49.99,2013-05-10 03:35:19+00:00,processed
266,4507,49.99,2013-05-10 10:03:29+00:00,processed
267,4310,49.99,2013-05-11 00:13:48+00:00,processed
268,4494,49.99,2013-05-14 01:51:41+00:00,processed
269,4543,49.99,2013-05-15 17:04:53+00:00,processed
270,4590,49.99,2013-05-15 18:18:43+00:00,processed
271,4423,49.99,2013-05-16 07:19:17+00:00,processed
272,4696,49.99,2013-05-18 17:57:34+00:00,processed
273,4564,49.99,2013-05-18 20:00:46+00:00,processed
274,4610,49.99,2013-05-19 10:55:47+00:00,processed
275,4608,49.99,2013-05-19 20:13:46+00:00,processed
276,4576,49.99,2013-05-19 20:40:41+00:00,processed
277,4710,49.99,2013-05-20 13:06:03+00:00,processed
278,4611,49.99,2013-05-21 23:59:49+00:00,processed
279,4654,49.99,2013-05-23 14:00:59+00:00,processed
280,4620,49.99,2013-05-23 17:27:33+00:00,processed
281,4679,59.99,2013-05-26 23:35:50+00:00,processed
282,4793,49.99,2013-05-27 09:45:33+00:00,processed
283,4706,49.99,2013-05-27 21:46:08+00:00,processed
284,4726,49.99,2013-05-28 05:44:41+00:00,processed
285,4825,49.99,2013-05-28 10:43:47+00:00,processed
286,4680,49.99,2013-05-28 22:10:51+00:00,processed
287,4760,59.99,2013-05-29 00:40:58+00:00,processed
288,4758,49.99,2013-05-31 18:17:58+00:00,processed
289,4989,49.99,2013-06-03 23:06:28+00:00,processed
290,4915,49.99,2013-06-04 06:54:42+00:00,processed
291,4900,49.99,2013-06-04 14:12:08+00:00,processed
292,4807,49.99,2013-06-04 20:48:52+00:00,processed
293,4874,49.99,2013-06-07 10:18:55+00:00,processed
294,4879,49.99,2013-06-07 19:37:29+00:00,processed
295,5100,49.99,2013-06-08 21:55:16+00:00,processed
296,5095,49.99,2013-06-08 23:33:50+00:00,processed
297,5051,49.99,2013-06-09 03:43:51+00:00,processed
298,4993,49.99,2013-06-09 13:24:38+00:00,processed
299,4953,49.99,2013-06-09 17:42:50+00:00,processed
300,4907,49.99,2013-06-11 01:06:52+00:00,processed
301,5023,49.99,2013-06-11 03:12:17+00:00,processed
302,5134,49.99,2013-06-11 21:45:48+00:00,processed
303,4912,49.99,2013-06-13 12:18:21+00:00,processed
304,5007,59.99,2013-06-17 23:10:51+00:00,processed
305,5082,49.99,2013-06-18 06:57:22+00:00,processed
306,5257,59.99,2013-06-18 12:08:14+00:00,processed
307,5145,49.99,2013-06-18 21:43:45+00:00,processed
308,5128,49.99,2013-06-19 11:47:44+00:00,processed
309,5113,49.99,2013-06-19 14:16:20+00:00,processed
310,5168,49.99,2013-06-20 01:37:09+00:00,processed
311,5263,59.99,2013-06-20 03:04:51+00:00,processed
312,5124,49.99,2013-06-20 11:43:36+00:00,processed
313,5289,59.99,2013-06-21 03:48:07+00:00,processed
314,5108,49.99,2013-06-22 15:45:53+00:00,processed
315,5262,49.99,2013-06-24 02:44:05+00:00,processed
316,5333,49.99,2013-06-24 15:52:48+00:00,processed
317,5422,49.99,2013-06-27 04:27:32+00:00,processed
318,5284,49.99,2013-06-27 04:52:26+00:00,processed
319,5346,49.99,2013-06-27 14:13:03+00:00,processed
320,5261,49.99,2013-06-27 17:50:46+00:00,processed
321,5386,49.99,2013-06-28 06:53:36+00:00,processed
322,5239,59.99,2013-06-28 23:54:35+00:00,processed
323,5387,49.99,2013-07-01 03:30:09+00:00,processed
324,5531,49.99,2013-07-01 05:03:02+00:00,processed
325,5523,49.99,2013-07-01 09:39:51+00:00,processed
326,5518,49.99,2013-07-02 00:22:22+00:00,processed
327,5412,49.99,2013-07-03 10:54:35+00:00,processed
328,5565,49.99,2013-07-03 13:20:48+00:00,processed
329,5323,49.99,2013-07-03 13:41:28+00:00,processed
330,5390,49.99,2013-07-03 15:47:22+00:00,processed
331,5462,49.99,2013-07-03 18:05:11+00:00,processed
332,5408,49.99,2013-07-04 02:35:37+00:00,processed
333,5430,49.99,2013-07-05 01:53:10+00:00,processed
334,5474,49.99,2013-07-06 08:00:18+00:00,processed
335,5496,49.99,2013-07-07 02:47:17+00:00,processed
336,5569,49.99,2013-07-07 12:52:59+00:00,processed
337,5405,49.99,2013-07-07 14:19:04+00:00,processed
338,5586,49.99,2013-07-07 14:20:14+00:00,processed
339,5574,49.99,2013-07-08 03:47:14+00:00,processed
340,5616,49.99,2013-07-08 13:37:13+00:00,processed
341,5451,49.99,2013-07-09 04:00:26+00:00,processed
342,5635,49.99,2013-07-09 06:03:54+00:00,processed
343,5631,49.99,2013-07-11 08:00:23+00:00,processed
344,5663,49.99,2013-07-11 15:40:05+00:00,processed
345,5700,49.99,2013-07-12 07:03:01+00:00,processed
346,5712,49.99,2013-07-12 21:00:18+00:00,processed
347,5607,49.99,2013-07-13 09:03:42+00:00,processed
348,5576,49.99,2013-07-14 08:59:52+00:00,processed
349,5683,49.99,2013-07-14 13:17:21+00:00,processed
350,5746,49.99,2013-07-15 19:22:51+00:00,processed
351,5578,49.99,2013-07-16 07:11:22+00:00,processed
352,5843,49.99,2013-07-18 22:37:28+00:00,processed
353,5650,49.99,2013-07-21 01:03:30+00:00,processed
354,5696,49.99,2013-07-22 00:53:45+00:00,processed
355,5750,59.99,2013-07-22 13:38:00+00:00,processed
356,5906,49.99,2013-07-22 16:36:14+00:00,processed
357,5847,59.99,2013-07-23 00:18:57+00:00,processed
358,5863,49.99,2013-07-25 09:25:06+00:00,processed
359,5802,49.99,2013-07-25 12:16:05+00:00,processed
360,5855,49.99,2013-07-25 12:44:57+00:00,processed
361,5799,49.99,2013-07-26 07:06:30+00:00,processed
362,6031,49.99,2013-07-27 06:08:09+00:00,processed
363,5914,49.99,2013-07-27 23:29:03+00:00,processed
364,5865,49.99,2013-07-28 22:35:52+00:00,processed
365,5938,49.99,2013-07-29 14:16:47+00:00,processed
366,5946,49.99,2013-07-29 22:14:12+00:00,processed
367,6074,49.99,2013-07-31 17:11:21+00:00,processed
368,6047,49.99,2013-08-01 13:54:53+00:00,processed
369,6158,49.99,2013-08-02 14:28:00+00:00,processed
370,6054,49.99,2013-08-05 03:29:38+00:00,processed
371,5933,49.99,2013-08-05 06:30:01+00:00,processed
372,5993,59.99,2013-08-06 15:56:00+00:00,processed
373,6052,49.99,2013-08-06 23:05:29+00:00,processed
374,6139,49.99,2013-08-07 03:10:48+00:00,processed
375,6195,49.99,2013-08-07 17:43:55+00:00,processed
376,6075,49.99,2013-08-07 18:48:18+00:00,processed
377,6059,49.99,2013-08-08 01:45:45+00:00,processed
378,6008,49.99,2013-08-08 05:48:27+00:00,processed
379,6269,49.99,2013-08-09 02:05:49+00:00,processed
380,6110,49.99,2013-08-09 18:01:49+00:00,processed
381,6226,49.99,2013-08-11 08:49:18+00:00,processed
382,6247,49.99,2013-08-11 21:31:12+00:00,processed
383,6251,49.99,2013-08-12 11:23:39+00:00,processed
384,6324,49.99,2013-08-13 19:22:24+00:00,processed
385,6103,49.99,2013-08-13 19:29:10+00:00,processed
386,6173,49.99,2013-08-14 20:55:50+00:00,processed
387,6215,49.99,2013-08-16 18:07:02+00:00,processed
388,6244,49.99,2013-08-17 11:59:12+00:00,processed
389,6395,59.99,2013-08-18 14:43:24+00:00,processed
390,6387,49.99,2013-08-19 00:45:32+00:00,processed
391,6259,49.99,2013-08-19 06:11:14+00:00,processed
392,6273,49.99,2013-08-19 10:30:02+00:00,processed
393,6421,49.99,2013-08-19 20:05:36+00:00,processed
394,6302,49.99,2013-08-20 01:34:58+00:00,processed
395,6355,49.99,2013-08-23 11:30:59+00:00,processed
396,6432,49.99,2013-08-23 20:08:02+00:00,processed
397,6528,49.99,2013-08-25 14:35:51+00:00,processed
398,6465,49.99,2013-08-25 18:27:06+00:00,processed
399,6461,49.99,2013-08-26 18:26:33+00:00,processed
400,6634,49.99,2013-08-27 07:05:51+00:00,processed
401,6451,49.99,2013-08-29 04:21:52+00:00,processed
402,6526,49.99,2013-08-29 12:26:24+00:00,processed
403,6504,49.99,2013-09-01 04:47:41+00:00,processed
404,6589,49.99,2013-09-02 21:26:40+00:00,processed
405,6627,49.99,2013-09-03 11:29:38+00:00,processed
406,6758,49.99,2013-09-07 08:56:46+00:00,processed
407,6721,49.99,2013-09-08 06:13:39+00:00,processed
408,6805,49.99,2013-09-10 12:36:17+00:00,processed
409,6743,49.99,2013-09-11 03:49:15+00:00,processed
410,6882,49.99,2013-09-11 23:05:44+00:00,processed
411,6899,49.99,2013-09-12 02:42:44+00:00,processed
412,6943,49.99,2013-09-13 18:33:40+00:00,processed
413,6750,49.99,2013-09-14 01:52:27+00:00,processed
414,6940,49.99,2013-09-16 20:39:05+00:00,processed
415,6825,49.99,2013-09-16 22:24:02+00:00,processed
416,6865,49.99,2013-09-17 16:28:33+00:00,processed
417,7009,49.99,2013-09-17 20:47:53+00:00,processed
418,6991,49.99,2013-09-18 13:29:48+00:00,processed
419,7035,49.99,2013-09-19 18:39:21+00:00,processed
420,6947,49.99,2013-09-20 14:30:00+00:00,processed
421,6952,49.99,2013-09-21 22:18:54+00:00,processed
422,6981,49.99,2013-09-22 23:10:26+00:00,processed
423,6999,49.99,2013-09-23 03:03:26+00:00,processed
424,7154,49.99,2013-09-25 05:22:44+00:00,processed
425,7250,49.99,2013-09-26 20:43:33+00:00,processed
426,7077,49.99,2013-09-30 01:36:47+00:00,processed
427,7230,49.99,2013-10-02 03:32:38+00:00,processed
428,7351,59.99,2013-10-02 19:43:28+00:00,processed
429,7164,49.99,2013-10-04 22:30:49+00:00,processed
430,7192,49.99,2013-10-04 23:06:47+00:00,processed
431,7473,49.99,2013-10-06 04:31:09+00:00,processed
432,7503,49.99,2013-10-06 22:07:18+00:00,processed
433,7259,49.99,2013-10-07 04:37:59+00:00,processed
434,7320,49.99,2013-10-08 21:41:55+00:00,processed
435,7306,49.99,2013-10-09 13:13:03+00:00,processed
436,7522,49.99,2013-10-11 05:30:26+00:00,processed
437,7567,59.99,2013-10-14 23:30:49+00:00,processed
438,7493,49.99,2013-10-15 00:17:55+00:00,processed
439,7718,49.99,2013-10-19 11:41:39+00:00,processed
440,7713,49.99,2013-10-21 16:51:00+00:00,processed
441,7616,49.99,2013-10-22 18:03:52+00:00,processed
442,7863,49.99,2013-10-23 14:51:12+00:00,processed
443,7582,49.99,2013-10-24 09:28:08+00:00,processed
444,7647,49.99,2013-10-26 06:25:27+00:00,processed
445,7984,49.99,2013-10-28 10:54:43+00:00,processed
446,7821,49.99,2013-11-01 16:52:37+00:00,processed
447,7851,59.99,2013-11-01 17:19:22+00:00,processed
448,7916,49.99,2013-11-02 10:20:43+00:00,processed
449,8069,49.99,2013-11-03 19:47:48+00:00,processed
450,8128,49.99,2013-11-05 16:01:03+00:00,processed
451,8011,49.99,2013-11-06 18:24:04+00:00,processed
452,7910,49.99,2013-11-07 05:48:28+00:00,processed
453,8019,49.99,2013-11-07 06:57:27+00:00,processed
454,8232,49.99,2013-11-13 22:31:23+00:00,processed
455,8248,49.99,2013-11-15 02:25:42+00:00,processed
456,8481,49.99,2013-11-22 09:14:27+00:00,processed
457,8472,49.99,2013-11-22 13:33:32+00:00,processed
458,8527,49.99,2013-11-24 09:50:09+00:00,processed
459,8319,59.99,2013-11-25 15:12:45+00:00,processed
460,8604,49.99,2013-11-25 19:05:47+00:00,processed
461,8586,49.99,2013-11-27 07:35:46+00:00,processed
462,8551,49.99,2013-11-27 18:59:37+00:00,processed
463,8647,59.99,2013-11-28 01:44:23+00:00,processed
464,8722,49.99,2013-12-01 08:03:06+00:00,processed
465,8674,49.99,2013-12-01 17:57:55+00:00,processed
466,8671,49.99,2013-12-02 04:41:59+00:00,processed
467,8979,49.99,2013-12-03 05:30:10+00:00,processed
468,8678,49.99,2013-12-03 14:51:20+00:00,processed
469,8843,49.99,2013-12-04 14:42:53+00:00,processed
470,8622,59.99,2013-12-05 09:22:26+00:00,processed
471,9010,49.99,2013-12-06 19:16:18+00:00,processed
472,8789,49.99,2013-12-07 04:38:55+00:00,processed
473,8770,49.99,2013-12-07 11:04:48+00:00,processed
474,8867,49.99,2013-12-08 07:14:09+00:00,processed
475,8896,59.99,2013-12-08 07:28:06+00:00,processed
476,8887,49.99,2013-12-09 20:11:48+00:00,processed
477,8861,49.99,2013-12-10 01:44:03+00:00,processed
478,8906,49.99,2013-12-10 11:08:49+00:00,processed
479,8925,49.99,2013-12-10 15:51:57+00:00,processed
480,8996,49.99,2013-12-10 20:42:50+00:00,processed
481,9103,59.99,2013-12-11 03:20:46+00:00,processed
482,8920,49.99,2013-12-11 13:27:19+00:00,processed
483,9297,49.99,2013-12-12 13:14:50+00:00,processed
484,8847,49.99,2013-12-13 10:50:18+00:00,processed
485,9304,59.99,2013-12-13 19:03:23+00:00,processed
486,9264,49.99,2013-12-14 03:53:02+00:00,processed
487,8782,49.99,2013-12-14 15:33:14+00:00,processed
488,9324,59.99,2013-12-16 11:50:31+00:00,processed
489,9278,49.99,2013-12-16 14:51:50+00:00,processed
490,9456,45.99,2013-12-17 22:11:26+00:00,processed
491,9244,49.99,2013-12-18 20:11:56+00:00,processed
492,9324,49.99,2013-12-19 21:50:31+00:00,processed
493,9356,49.99,2013-12-20 08:33:45+00:00,processed
494,9637,45.99,2013-12-22 03:33:17+00:00,processed
495,9593,49.99,2013-12-22 20:59:19+00:00,processed
496,9708,49.99,2013-12-23 07:35:50+00:00,processed
497,9530,49.99,2013-12-23 08:06:54+00:00,processed
498,9604,49.99,2013-12-23 14:07:39+00:00,processed
499,9330,49.99,2013-12-24 22:26:39+00:00,processed
500,9557,49.99,2013-12-26 21:12:21+00:00,processed
501,9562,49.99,2013-12-27 07:23:16+00:00,processed
502,9720,45.99,2013-12-27 09:07:36+00:00,processed
503,9417,45.99,2013-12-27 20:01:18+00:00,processed
504,9636,49.99,2013-12-28 22:25:38+00:00,processed
505,9553,45.99,2013-12-29 04:25:32+00:00,processed
506,9759,45.99,2013-12-30 11:01:17+00:00,processed
507,9700,49.99,2013-12-31 14:12:03+00:00,processed
508,9512,49.99,2013-12-31 22:38:14+00:00,processed
509,9838,59.99,2014-01-03 00:42:51+00:00,processed
510,9949,45.99,2014-01-03 22:46:25+00:00,processed
511,9925,45.99,2014-01-05 00:43:13+00:00,processed
512,9903,45.99,2014-01-06 07:13:14+00:00,processed
513,10098,49.99,2014-01-06 10:30:53+00:00,processed
514,9763,45.99,2014-01-07 05:19:10+00:00,processed
515,9919,49.99,2014-01-07 12:18:01+00:00,processed
516,10109,49.99,2014-01-08 17:28:31+00:00,processed
517,10041,45.99,2014-01-09 14:13:21+00:00,processed
518,10143,59.99,2014-01-12 19:15:45+00:00,processed
519,10309,45.99,2014-01-14 18:19:27+00:00,processed
520,10241,59.99,2014-01-14 19:40:53+00:00,processed
521,10151,45.99,2014-01-15 20:06:48+00:00,processed
522,10395,45.99,2014-01-16 01:14:22+00:00,processed
523,10335,45.99,2014-01-17 01:59:14+00:00,processed
524,10124,49.99,2014-01-17 06:59:35+00:00,processed
525,10155,49.99,2014-01-17 17:53:48+00:00,processed
526,10478,45.99,2014-01-19 08:22:15+00:00,processed
527,10371,49.99,2014-01-20 06:39:07+00:00,processed
528,10191,49.99,2014-01-20 18:13:53+00:00,processed
529,10304,49.99,2014-01-21 02:43:13+00:00,processed
530,10486,49.99,2014-01-21 17:37:42+00:00,processed
531,10540,49.99,2014-01-22 20:04:47+00:00,processed
532,10202,45.99,2014-01-22 20:47:11+00:00,processed
533,10454,49.99,2014-01-23 06:10:13+00:00,processed
534,10453,49.99,2014-01-23 06:59:12+00:00,processed
535,10582,45.99,2014-01-25 12:11:43+00:00,processed
536,10312,49.99,2014-01-25 19:50:22+00:00,processed
537,10470,59.99,2014-01-27 21:08:12+00:00,processed
538,10719,49.99,2014-01-28 09:57:24+00:00,processed
539,10456,49.99,2014-01-28 13:22:23+00:00,processed
540,10610,45.99,2014-01-28 22:50:24+00:00,processed
541,10439,49.99,2014-01-29 13:24:39+00:00,processed
542,10413,49.99,2014-01-30 04:06:18+00:00,processed
543,10408,59.99,2014-01-30 10:46:03+00:00,processed
544,10615,49.99,2014-01-31 10:37:12+00:00,processed
545,10558,49.99,2014-02-01 03:08:27+00:00,processed
546,10497,49.99,2014-02-01 03:22:00+00:00,processed
547,10693,49.99,2014-02-02 00:25:06+00:00,processed
548,10553,49.99,2014-02-02 05:38:23+00:00,processed
549,10519,49.99,2014-02-02 12:30:50+00:00,processed
550,10678,45.99,2014-02-02 21:05:09+00:00,processed
551,10607,49.99,2014-02-03 12:01:59+00:00,processed
552,10736,49.99,2014-02-04 13:36:33+00:00,processed
553,10707,49.99,2014-02-05 06:19:05+00:00,processed
554,10885,49.99,2014-02-05 10:56:12+00:00,processed
555,11062,49.99,2014-02-05 16:23:28+00:00,processed
556,11018,49.99,2014-02-06 04:08:28+00:00,processed
557,10769,49.99,2014-02-06 12:15:01+00:00,processed
558,10839,45.99,2014-02-07 02:50:09+00:00,processed
559,11106,49.99,2014-02-08 22:50:49+00:00,processed
560,10877,49.99,2014-02-09 01:42:05+00:00,processed
561,10878,49.99,2014-02-09 06:23:27+00:00,processed
562,11208,45.99,2014-02-09 08:01:23+00:00,processed
563,11188,49.99,2014-02-10 05:50:25+00:00,processed
564,11139,49.99,2014-02-10 07:35:46+00:00,processed
565,10917,45.99,2014-02-10 20:08:43+00:00,processed
566,10983,49.99,2014-02-11 17:13:35+00:00,processed
567,10869,45.99,2014-02-12 01:32:14+00:00,processed
568,11084,45.99,2014-02-12 03:28:45+00:00,processed
569,10904,49.99,2014-02-14 08:29:42+00:00,processed
570,11157,45.99,2014-02-14 09:10:25+00:00,processed
571,11124,49.99,2014-02-14 09:38:13+00:00,processed
572,11367,59.99,2014-02-14 17:13:20+00:00,processed
573,11390,45.99,2014-02-14 17:59:23+00:00,processed
574,11206,45.99,2014-02-15 14:12:54+00:00,processed
575,11244,49.99,2014-02-15 21:54:10+00:00,processed
576,11165,29.99,2014-02-17 22:42:45+00:00,processed
577,11211,49.99,2014-02-18 20:53:19+00:00,processed
578,11511,45.99,2014-02-20 14:42:45+00:00,processed
579,11658,49.99,2014-02-22 09:50:13+00:00,processed
580,11603,49.99,2014-02-22 18:45:29+00:00,processed
581,11265,59.99,2014-02-23 12:02:12+00:00,processed
582,11680,49.99,2014-02-23 16:11:02+00:00,processed
583,11787,45.99,2014-02-24 00:08:03+00:00,processed
584,11419,59.99,2014-02-24 08:18:13+00:00,processed
585,11522,59.99,2014-02-24 13:55:31+00:00,processed
586,11382,59.99,2014-02-25 19:36:40+00:00,processed
587,11588,49.99,2014-02-26 13:26:09+00:00,processed
588,11626,49.99,2014-02-26 15:13:39+00:00,processed
589,11780,45.99,2014-02-26 17:19:09+00:00,processed
590,11877,49.99,2014-02-27 09:25:50+00:00,processed
591,11681,45.99,2014-02-27 14:34:45+00:00,processed
592,11822,49.99,2014-02-28 02:31:09+00:00,processed
593,11873,45.99,2014-02-28 21:22:50+00:00,processed
594,11535,59.99,2014-03-01 10:59:50+00:00,processed
595,11643,45.99,2014-03-01 13:21:04+00:00,processed
596,11866,29.99,2014-03-01 20:14:03+00:00,processed
597,11582,49.99,2014-03-02 02:18:21+00:00,processed
598,11811,45.99,2014-03-02 20:08:24+00:00,processed
599,11848,49.99,2014-03-02 20:33:35+00:00,processed
600,11652,49.99,2014-03-03 23:49:12+00:00,processed
601,11760,45.99,2014-03-04 19:59:19+00:00,processed
602,11999,49.99,2014-03-05 11:49:54+00:00,processed
603,12101,49.99,2014-03-08 00:37:01+00:00,processed
604,12095,49.99,2014-03-08 01:13:49+00:00,processed
605,12115,45.99,2014-03-09 05:12:32+00:00,processed
606,11845,49.99,2014-03-09 06:52:47+00:00,processed
607,11951,49.99,2014-03-09 19:25:17+00:00,processed
608,11941,49.99,2014-03-11 04:40:05+00:00,processed
609,11987,49.99,2014-03-13 03:24:53+00:00,processed
610,12096,49.99,2014-03-13 03:26:11+00:00,processed
611,11964,45.99,2014-03-14 14:28:06+00:00,processed
612,12436,49.99,2014-03-15 04:16:38+00:00,processed
613,12198,49.99,2014-03-15 09:09:23+00:00,processed
614,12085,49.99,2014-03-16 10:27:47+00:00,processed
615,12179,59.99,2014-03-16 15:24:21+00:00,processed
616,12470,49.99,2014-03-17 18:34:45+00:00,processed
617,12491,45.99,2014-03-18 01:20:59+00:00,processed
618,12225,45.99,2014-03-18 12:58:10+00:00,processed
619,12295,49.99,2014-03-19 19:06:22+00:00,processed
620,12273,45.99,2014-03-20 04:50:10+00:00,processed
621,12414,49.99,2014-03-20 10:40:28+00:00,processed
622,12601,49.99,2014-03-21 02:37:19+00:00,processed
623,12694,45.99,2014-03-22 21:17:45+00:00,processed
624,12267,45.99,2014-03-23 13:10:19+00:00,processed
625,12428,49.99,2014-03-23 22:27:33+00:00,processed
626,12783,49.99,2014-03-24 15:46:08+00:00,processed
627,12497,45.99,2014-03-24 20:15:46+00:00,processed
628,12377,49.99,2014-03-25 06:33:06+00:00,processed
629,12474,29.99,2014-03-25 18:40:12+00:00,processed
630,12798,49.99,2014-03-26 02:11:53+00:00,processed
631,12704,49.99,2014-03-26 09:52:51+00:00,processed
632,12677,45.99,2014-03-26 14:46:45+00:00,processed
633,12553,59.99,2014-03-27 12:38:52+00:00,processed
634,12749,45.99,2014-03-28 11:16:37+00:00,processed
635,12626,45.99,2014-03-28 12:21:44+00:00,processed
636,12596,49.99,2014-03-28 13:07:30+00:00,processed
637,12905,49.99,2014-03-29 14:27:31+00:00,processed
638,12637,49.99,2014-03-30 22:35:06+00:00,processed
639,12967,45.99,2014-04-01 11:14:44+00:00,processed
640,12968,45.99,2014-04-02 03:44:28+00:00,processed
641,12640,49.99,2014-04-02 10:48:52+00:00,processed
642,12868,45.99,2014-04-02 21:25:42+00:00,processed
643,12932,45.99,2014-04-04 04:14:15+00:00,processed
644,12866,49.99,2014-04-04 04:48:41+00:00,processed
645,13006,45.99,2014-04-04 13:08:31+00:00,processed
646,13028,45.99,2014-04-04 18:11:16+00:00,processed
647,13011,49.99,2014-04-05 04:16:24+00:00,processed
648,12994,49.99,2014-04-05 18:00:31+00:00,processed
649,12891,45.99,2014-04-06 17:59:51+00:00,processed
650,13162,49.99,2014-04-07 13:50:43+00:00,processed
651,12989,49.99,2014-04-08 05:13:40+00:00,processed
652,13227,49.99,2014-04-09 21:50:41+00:00,processed
653,13285,49.99,2014-04-10 04:04:55+00:00,processed
654,13293,49.99,2014-04-10 07:27:22+00:00,processed
655,12951,59.99,2014-04-11 07:40:00+00:00,processed
656,13339,45.99,2014-04-11 08:27:56+00:00,processed
657,13206,49.99,2014-04-11 10:24:05+00:00,processed
658,13012,49.99,2014-04-12 05:30:50+00:00,processed
659,13361,49.99,2014-04-13 04:59:13+00:00,processed
660,13172,49.99,2014-04-13 06:48:15+00:00,processed
661,13324,49.99,2014-04-13 19:40:02+00:00,processed
662,13161,49.99,2014-04-16 00:44:01+00:00,processed
663,13503,49.99,2014-04-17 15:06:51+00:00,processed
664,13640,49.99,2014-04-18 04:58:58+00:00,processed
665,13345,49.99,2014-04-18 14:31:52+00:00,processed
666,13644,49.99,2014-04-19 02:35:27+00:00,processed
667,13389,49.99,2014-04-19 08:20:46+00:00,processed
668,13363,49.99,2014-04-19 12:23:39+00:00,processed
669,13586,45.99,2014-04-20 12:19:32+00:00,processed
670,13372,49.99,2014-04-20 13:12:34+00:00,processed
671,13785,49.99,2014-04-20 15:16:26+00:00,processed
672,13489,45.99,2014-04-21 02:44:39+00:00,processed
673,13360,49.99,2014-04-21 12:36:33+00:00,processed
674,13737,45.99,2014-04-21 19:09:14+00:00,processed
675,13778,49.99,2014-04-22 07:02:24+00:00,processed
676,13798,49.99,2014-04-22 07:08:08+00:00,processed
677,13630,45.99,2014-04-22 15:39:29+00:00,processed
678,13667,45.99,2014-04-23 03:12:27+00:00,processed
679,13618,45.99,2014-04-24 02:49:46+00:00,processed
680,13889,59.99,2014-04-24 04:28:50+00:00,processed
681,13458,49.99,2014-04-24 20:20:45+00:00,processed
682,13946,45.99,2014-04-25 07:19:08+00:00,processed
683,13516,45.99,2014-04-25 13:14:11+00:00,processed
684,13672,49.99,2014-04-25 18:29:30+00:00,processed
685,13875,49.99,2014-04-26 12:10:39+00:00,processed
686,13687,49.99,2014-04-27 05:43:00+00:00,processed
687,13986,45.99,2014-04-27 09:17:42+00:00,processed
688,13683,49.99,2014-04-27 14:23:27+00:00,processed
689,13602,49.99,2014-04-28 22:56:09+00:00,processed
690,14054,49.99,2014-04-29 00:42:44+00:00,processed
691,13792,59.99,2014-04-29 09:55:36+00:00,processed
692,14081,45.99,2014-04-29 10:32:30+00:00,processed
693,13622,49.99,2014-04-30 19:04:35+00:00,processed
694,13894,45.99,2014-05-01 00:31:26+00:00,processed
695,13930,49.99,2014-05-01 18:03:35+00:00,processed
696,13756,45.99,2014-05-02 16:55:29+00:00,processed
697,13871,49.99,2014-05-03 03:09:53+00:00,processed
698,14392,49.99,2014-05-04 07:02:07+00:00,processed
699,14172,29.99,2014-05-04 07:32:54+00:00,processed
700,13985,59.99,2014-05-04 15:54:25+00:00,processed
701,14419,45.99,2014-05-05 03:44:02+00:00,processed
702,13994,29.99,2014-05-05 13:42:18+00:00,processed
703,14086,49.99,2014-05-06 20:02:19+00:00,processed
704,14070,45.99,2014-05-07 03:07:19+00:00,processed
705,14476,45.99,2014-05-07 06:43:27+00:00,processed
706,14146,29.99,2014-05-08 15:13:51+00:00,processed
707,14213,45.99,2014-05-08 16:54:17+00:00,processed
708,14314,45.99,2014-05-09 01:36:12+00:00,processed
709,14165,45.99,2014-05-09 05:29:56+00:00,processed
710,14317,59.99,2014-05-09 09:10:13+00:00,processed
711,14408,45.99,2014-05-09 17:22:34+00:00,processed
712,14260,45.99,2014-05-10 03:34:03+00:00,processed
713,14585,29.99,2014-05-10 05:46:15+00:00,processed
714,14131,29.99,2014-05-11 09:55:29+00:00,processed
715,14475,49.99,2014-05-12 18:25:00+00:00,processed
716,14230,49.99,2014-05-13 08:24:31+00:00,processed
717,14547,45.99,2014-05-13 09:57:18+00:00,processed
718,14542,49.99,2014-05-13 20:01:45+00:00,processed
719,14401,45.99,2014-05-13 21:20:59+00:00,processed
720,14423,45.99,2014-05-14 14:17:42+00:00,processed
721,14697,45.99,2014-05-15 12:39:58+00:00,processed
722,14416,45.99,2014-05-16 05:06:02+00:00,processed
723,14566,49.99,2014-05-17 08:41:16+00:00,processed
724,14653,45.99,2014-05-17 18:23:16+00:00,processed
725,14989,49.99,2014-05-18 07:29:27+00:00,processed
726,14830,49.99,2014-05-19 02:24:14+00:00,processed
727,14507,49.99,2014-05-20 05:11:38+00:00,processed
728,14936,49.99,2014-05-20 13:49:15+00:00,processed
729,14828,45.99,2014-05-20 15:26:42+00:00,processed
730,14766,45.99,2014-05-20 19:49:10+00:00,processed
731,14747,59.99,2014-05-21 11:40:04+00:00,processed
732,14570,49.99,2014-05-22 13:59:58+00:00,processed
733,14827,49.99,2014-05-23 02:39:07+00:00,processed
734,14975,49.99,2014-05-23 22:34:56+00:00,processed
735,14715,49.99,2014-05-24 08:40:16+00:00,processed
736,14984,49.99,2014-05-24 09:37:29+00:00,processed
737,15338,49.99,2014-05-24 23:31:07+00:00,processed
738,14801,49.99,2014-05-26 06:35:51+00:00,processed
739,15148,49.99,2014-05-27 16:57:12+00:00,processed
740,14993,45.99,2014-05-28 19:36:16+00:00,processed
741,15033,45.99,2014-05-29 10:00:56+00:00,processed
742,15016,49.99,2014-05-29 14:11:19+00:00,processed
743,15436,59.99,2014-05-30 02:21:59+00:00,processed
744,15323,45.99,2014-05-31 12:25:31+00:00,processed
745,15419,59.99,2014-06-01 20:34:06+00:00,processed
746,15465,45.99,2014-06-01 20:47:16+00:00,processed
747,15353,29.99,2014-06-02 00:36:31+00:00,processed
748,15523,49.99,2014-06-02 02:10:57+00:00,processed
749,15166,45.99,2014-06-02 12:30:30+00:00,processed
750,15229,49.99,2014-06-03 05:15:48+00:00,processed
751,15715,49.99,2014-06-03 13:09:52+00:00,processed
752,15224,49.99,2014-06-03 18:50:06+00:00,processed
753,15633,45.99,2014-06-03 22:15:36+00:00,processed
754,15596,49.99,2014-06-04 18:41:32+00:00,processed
755,15388,49.99,2014-06-04 21:04:33+00:00,processed
756,15458,59.99,2014-06-05 03:52:32+00:00,processed
757,15732,49.99,2014-06-06 03:59:18+00:00,processed
758,15613,49.99,2014-06-06 15:51:13+00:00,processed
759,15810,59.99,2014-06-07 10:20:58+00:00,processed
760,15702,49.99,2014-06-08 09:58:59+00:00,processed
761,15908,49.99,2014-06-08 20:39:54+00:00,processed
762,15890,49.99,2014-06-09 00:25:57+00:00,processed
763,15539,49.99,2014-06-09 01:51:17+00:00,processed
764,15415,49.99,2014-06-09 02:00:27+00:00,processed
765,15565,49.99,2014-06-09 18:47:39+00:00,processed
766,15946,49.99,2014-06-10 00:33:58+00:00,processed
767,15555,49.99,2014-06-10 03:34:50+00:00,processed
768,15519,49.99,2014-06-10 04:55:19+00:00,processed
769,15870,49.99,2014-06-10 18:38:15+00:00,processed
770,15811,49.99,2014-06-11 23:40:25+00:00,processed
771,15714,45.99,2014-06-12 09:32:33+00:00,processed
772,16015,45.99,2014-06-12 17:43:32+00:00,processed
773,15668,49.99,2014-06-13 01:00:13+00:00,processed
774,16053,49.99,2014-06-13 14:15:31+00:00,processed
775,15879,49.99,2014-06-14 08:51:09+00:00,processed
776,15752,59.99,2014-06-14 15:16:30+00:00,processed
777,16005,49.99,2014-06-14 18:36:14+00:00,processed
778,16227,29.99,2014-06-16 02:19:46+00:00,processed
779,16073,29.99,2014-06-16 14:30:33+00:00,processed
780,15882,49.99,2014-06-16 17:06:36+00:00,processed
781,16192,49.99,2014-06-17 12:08:00+00:00,processed
782,16204,49.99,2014-06-17 19:52:13+00:00,processed
783,15814,45.99,2014-06-17 19:57:03+00:00,processed
784,16101,49.99,2014-06-18 01:58:33+00:00,processed
785,16302,49.99,2014-06-18 09:26:05+00:00,processed
786,15889,49.99,2014-06-18 23:05:22+00:00,processed
787,16045,29.99,2014-06-19 03:20:38+00:00,processed
788,16274,49.99,2014-06-19 11:33:56+00:00,processed
789,16233,49.99,2014-06-19 13:09:00+00:00,processed
790,16033,49.99,2014-06-19 15:08:43+00:00,processed
791,16422,49.99,2014-06-20 02:10:41+00:00,processed
792,15869,45.99,2014-06-20 08:52:23+00:00,processed
793,16305,49.99,2014-06-20 14:18:21+00:00,processed
794,16215,49.99,2014-06-21 10:52:06+00:00,processed
795,16284,29.99,2014-06-21 17:18:52+00:00,processed
796,16029,45.99,2014-06-22 12:11:36+00:00,processed
797,16067,49.99,2014-06-22 12:41:47+00:00,processed
798,16514,49.99,2014-06-22 14:53:41+00:00,processed
799,16189,49.99,2014-06-23 02:15:43+00:00,processed
800,16445,45.99,2014-06-23 06:51:10+00:00,processed
801,16060,59.99,2014-06-23 10:37:59+00:00,processed
802,16223,49.99,2014-06-24 17:14:37+00:00,processed
803,16047,49.99,2014-06-24 23:12:34+00:00,processed
804,16503,49.99,2014-06-25 13:51:51+00:00,processed
805,16628,45.99,2014-06-25 22:20:36+00:00,processed
806,16160,45.99,2014-06-27 04:13:14+00:00,processed
807,16438,59.99,2014-06-27 06:57:15+00:00,processed
808,16526,59.99,2014-06-28 07:36:56+00:00,processed
809,16596,45.99,2014-06-29 02:03:00+00:00,processed
810,16398,49.99,2014-06-29 16:50:34+00:00,processed
811,16836,45.99,2014-06-29 21:40:30+00:00,processed
812,16531,49.99,2014-06-30 04:33:18+00:00,processed
813,16440,59.99,2014-06-30 18:02:24+00:00,processed
814,16814,49.99,2014-07-01 09:38:33+00:00,processed
815,16392,49.99,2014-07-01 16:06:36+00:00,processed
816,16671,45.99,2014-07-01 21:18:18+00:00,processed
817,16481,49.99,2014-07-02 03:28:18+00:00,processed
818,16582,45.99,2014-07-02 13:44:35+00:00,processed
819,16425,49.99,2014-07-02 14:22:01+00:00,processed
820,16704,49.99,2014-07-02 15:55:22+00:00,processed
821,16811,59.99,2014-07-04 04:13:02+00:00,processed
822,16908,49.99,2014-07-04 05:57:54+00:00,processed
823,16971,49.99,2014-07-04 06:55:28+00:00,processed
824,16781,49.99,2014-07-04 13:49:14+00:00,processed
825,16890,29.99,2014-07-04 23:55:26+00:00,processed
826,16936,45.99,2014-07-05 00:06:59+00:00,processed
827,16530,49.99,2014-07-06 00:14:47+00:00,processed
828,16984,49.99,2014-07-06 02:38:13+00:00,processed
829,16796,29.99,2014-07-06 05:18:40+00:00,processed
830,16577,49.99,2014-07-06 05:49:16+00:00,processed
831,16630,49.99,2014-07-06 07:22:30+00:00,processed
832,16613,59.99,2014-07-06 08:10:37+00:00,processed
833,16684,45.99,2014-07-06 13:12:38+00:00,processed
834,16660,49.99,2014-07-06 15:52:53+00:00,processed
835,16761,49.99,2014-07-07 04:46:59+00:00,processed
836,16985,49.99,2014-07-07 04:56:03+00:00,processed
837,16896,49.99,2014-07-07 08:06:50+00:00,processed
838,16893,49.99,2014-07-07 15:51:20+00:00,processed
839,16738,45.99,2014-07-08 09:44:50+00:00,processed
840,16816,49.99,2014-07-09 00:44:31+00:00,processed
841,17127,29.99,2014-07-09 02:34:38+00:00,processed
842,16885,45.99,2014-07-09 14:34:30+00:00,processed
843,16764,49.99,2014-07-10 13:01:05+00:00,processed
844,16905,59.99,2014-07-11 10:48:03+00:00,processed
845,17189,49.99,2014-07-11 11:34:02+00:00,processed
846,16939,49.99,2014-07-11 23:36:47+00:00,processed
847,17058,59.99,2014-07-12 00:17:50+00:00,processed
848,17150,49.99,2014-07-12 07:42:04+00:00,processed
849,16921,49.99,2014-07-12 14:29:30+00:00,processed
850,17070,45.99,2014-07-12 19:13:47+00:00,processed
851,16862,49.99,2014-07-13 06:35:29+00:00,processed
852,16838,49.99,2014-07-13 16:28:02+00:00,processed
853,16990,49.99,2014-07-14 01:41:58+00:00,processed
854,16944,49.99,2014-07-14 04:09:33+00:00,processed
855,17280,49.99,2014-07-14 11:37:07+00:00,processed
856,17349,49.99,2014-07-14 20:51:35+00:00,processed
857,16981,45.99,2014-07-15 19:26:36+00:00,processed
858,17375,49.99,2014-07-16 04:20:20+00:00,processed
859,16994,59.99,2014-07-16 21:44:47+00:00,processed
860,17508,49.99,2014-07-17 08:28:26+00:00,processed
861,17467,49.99,2014-07-17 13:25:48+00:00,processed
862,17381,29.99,2014-07-18 00:05:59+00:00,processed
863,17575,49.99,2014-07-18 17:34:52+00:00,processed
864,17355,59.99,2014-07-19 09:33:11+00:00,processed
865,17614,49.99,2014-07-19 15:34:02+00:00,processed
866,17437,49.99,2014-07-19 21:00:07+00:00,processed
867,17246,45.99,2014-07-21 04:57:41+00:00,processed
868,17211,49.99,2014-07-21 21:47:48+00:00,processed
869,17573,49.99,2014-07-21 23:16:09+00:00,processed
870,17236,59.99,2014-07-22 06:58:14+00:00,processed
871,17498,59.99,2014-07-23 05:12:57+00:00,processed
872,17340,49.99,2014-07-23 06:48:10+00:00,processed
873,17596,45.99,2014-07-23 10:04:13+00:00,processed
874,17630,49.99,2014-07-23 13:48:53+00:00,processed
875,17755,45.99,2014-07-23 23:07:03+00:00,processed
876,17761,49.99,2014-07-24 07:20:55+00:00,processed
877,17730,49.99,2014-07-24 14:37:39+00:00,processed
878,17330,59.99,2014-07-24 19:48:03+00:00,processed
879,17674,29.99,2014-07-25 14:12:36+00:00,processed
880,17368,49.99,2014-07-25 20:25:34+00:00,processed
881,17743,49.99,2014-07-26 17:17:06+00:00,processed
882,17430,49.99,2014-07-26 22:01:23+00:00,processed
883,17603,49.99,2014-07-27 11:36:52+00:00,processed
884,17418,49.99,2014-07-28 00:37:01+00:00,processed
885,17530,45.99,2014-07-28 11:48:15+00:00,processed
886,17564,49.99,2014-07-28 18:37:20+00:00,processed
887,17693,49.99,2014-07-28 19:26:29+00:00,processed
888,17805,49.99,2014-07-29 00:41:55+00:00,processed
889,17547,49.99,2014-07-29 03:12:04+00:00,processed
890,17757,49.99,2014-07-29 13:26:45+00:00,processed
891,17934,45.99,2014-07-30 05:50:26+00:00,processed
892,17954,49.99,2014-08-01 08:10:49+00:00,processed
893,17733,45.99,2014-08-02 04:13:19+00:00,processed
894,17796,59.99,2014-08-02 06:45:47+00:00,processed
895,17855,49.99,2014-08-02 15:13:40+00:00,processed
896,17685,59.99,2014-08-02 16:01:43+00:00,processed
897,18022,49.99,2014-08-02 23:55:52+00:00,processed
898,17829,59.99,2014-08-03 17:08:20+00:00,processed
899,18259,49.99,2014-08-04 02:54:00+00:00,processed
900,17714,45.99,2014-08-04 15:17:30+00:00,processed
901,18051,49.99,2014-08-05 16:23:27+00:00,processed
902,18046,45.99,2014-08-06 02:16:12+00:00,processed
903,17776,29.99,2014-08-06 06:30:01+00:00,processed
904,17926,49.99,2014-08-06 21:16:28+00:00,processed
905,17935,49.99,2014-08-07 06:08:42+00:00,processed
906,18376,45.99,2014-08-08 22:42:37+00:00,processed
907,18205,49.99,2014-08-09 20:04:14+00:00,processed
908,18192,49.99,2014-08-10 10:04:08+00:00,processed
909,18438,45.99,2014-08-11 12:49:32+00:00,processed
910,18124,49.99,2014-08-11 18:50:48+00:00,processed
911,18364,49.99,2014-08-12 03:12:25+00:00,processed
912,18287,49.99,2014-08-12 03:31:59+00:00,processed
913,18222,49.99,2014-08-12 08:38:45+00:00,processed
914,18472,45.99,2014-08-12 11:49:43+00:00,processed
915,18441,49.99,2014-08-12 19:19:32+00:00,processed
916,18274,59.99,2014-08-14 02:05:57+00:00,processed
917,18319,45.99,2014-08-14 02:46:37+00:00,processed
918,18230,49.99,2014-08-14 08:17:24+00:00,processed
919,18219,49.99,2014-08-14 21:53:13+00:00,processed
920,18206,45.99,2014-08-14 23:04:23+00:00,processed
921,18402,49.99,2014-08-15 03:49:05+00:00,processed
922,18377,49.99,2014-08-15 04:53:05+00:00,processed
923,18592,49.99,2014-08-15 23:29:10+00:00,processed
924,18529,45.99,2014-08-16 21:52:30+00:00,processed
925,18767,49.99,2014-08-16 22:57:28+00:00,processed
926,18743,49.99,2014-08-17 13:01:29+00:00,processed
927,18470,49.99,2014-08-20 09:20:59+00:00,processed
928,18871,49.99,2014-08-20 16:09:45+00:00,processed
929,18478,45.99,2014-08-20 20:03:54+00:00,processed
930,18419,49.99,2014-08-21 09:33:59+00:00,processed
931,18451,49.99,2014-08-21 22:03:27+00:00,processed
932,18690,49.99,2014-08-22 17:34:30+00:00,processed
933,19116,49.99,2014-08-23 00:56:53+00:00,processed
934,19054,49.99,2014-08-23 09:47:42+00:00,processed
935,19050,49.99,2014-08-23 10:17:12+00:00,processed
936,18530,45.99,2014-08-23 10:59:57+00:00,processed
937,19070,49.99,2014-08-23 11:30:44+00:00,processed
938,18830,45.99,2014-08-23 16:59:26+00:00,processed
939,19032,49.99,2014-08-23 18:23:38+00:00,processed
940,19046,49.99,2014-08-24 00:13:24+00:00,processed
941,19115,49.99,2014-08-24 02:19:02+00:00,processed
942,18849,45.99,2014-08-24 05:00:16+00:00,processed
943,19078,49.99,2014-08-24 14:52:50+00:00,processed
944,19081,49.99,2014-08-24 18:04:51+00:00,processed
945,19110,49.99,2014-08-24 19:31:32+00:00,processed
946,19138,49.99,2014-08-24 20:13:15+00:00,processed
947,18915,45.99,2014-08-24 21:29:16+00:00,processed
948,19042,59.99,2014-08-24 22:22:47+00:00,processed
949,19060,49.99,2014-08-25 03:05:56+00:00,processed
950,19154,45.99,2014-08-25 04:26:32+00:00,processed
951,18839,49.99,2014-08-25 06:58:51+00:00,processed
952,19105,45.99,2014-08-25 17:10:20+00:00,processed
953,19086,45.99,2014-08-25 17:52:45+00:00,processed
954,19206,49.99,2014-08-25 22:31:25+00:00,processed
955,19191,49.99,2014-08-25 23:05:21+00:00,processed
956,19041,45.99,2014-08-26 09:21:22+00:00,processed
957,18657,59.99,2014-08-26 20:07:18+00:00,processed
958,18866,49.99,2014-08-27 22:20:37+00:00,processed
959,19237,49.99,2014-08-28 19:54:31+00:00,processed
960,18877,49.99,2014-08-29 04:11:28+00:00,processed
961,19313,45.99,2014-08-29 08:14:46+00:00,processed
962,19157,49.99,2014-08-29 10:49:59+00:00,processed
963,19188,49.99,2014-08-29 13:15:34+00:00,processed
964,18805,45.99,2014-08-29 13:57:56+00:00,processed
965,19329,49.99,2014-08-29 18:39:41+00:00,processed
966,19222,49.99,2014-08-29 19:00:03+00:00,processed
967,19005,49.99,2014-08-29 19:20:47+00:00,processed
968,19079,49.99,2014-08-29 19:56:30+00:00,processed
969,19223,49.99,2014-08-29 22:09:07+00:00,processed
970,18876,49.99,2014-08-30 04:08:19+00:00,processed
971,19358,45.99,2014-08-30 08:11:42+00:00,processed
972,19247,49.99,2014-08-30 13:42:40+00:00,processed
973,19254,49.99,2014-08-30 18:14:15+00:00,processed
974,19202,49.99,2014-08-30 19:26:48+00:00,processed
975,19226,49.99,2014-08-30 22:08:04+00:00,processed
976,19369,49.99,2014-08-31 04:53:28+00:00,processed
977,18951,49.99,2014-08-31 05:36:39+00:00,processed
978,19234,49.99,2014-08-31 05:47:28+00:00,processed
979,19300,49.99,2014-08-31 08:14:10+00:00,processed
980,19456,49.99,2014-08-31 14:51:05+00:00,processed
981,19104,49.99,2014-08-31 17:01:16+00:00,processed
982,19433,49.99,2014-08-31 17:08:33+00:00,processed
983,19089,49.99,2014-08-31 22:08:57+00:00,processed
984,19174,49.99,2014-08-31 23:50:15+00:00,processed
985,19412,49.99,2014-09-01 03:54:29+00:00,processed
986,19018,49.99,2014-09-01 13:40:49+00:00,processed
987,19064,49.99,2014-09-01 14:38:53+00:00,processed
988,19531,49.99,2014-09-02 06:16:54+00:00,processed
989,19403,49.99,2014-09-02 16:13:43+00:00,processed
990,19285,49.99,2014-09-02 18:57:06+00:00,processed
991,19118,49.99,2014-09-02 21:25:36+00:00,processed
992,19282,49.99,2014-09-03 03:36:22+00:00,processed
993,19155,49.99,2014-09-03 03:41:42+00:00,processed
994,19470,49.99,2014-09-03 08:16:05+00:00,processed
995,19330,49.99,2014-09-03 08:48:56+00:00,processed
996,19386,49.99,2014-09-03 08:57:27+00:00,processed
997,19449,49.99,2014-09-03 09:31:26+00:00,processed
998,19547,49.99,2014-09-03 10:05:12+00:00,processed
999,19545,45.99,2014-09-03 10:09:00+00:00,processed
1000,19429,49.99,2014-09-03 11:09:05+00:00,processed
1001,19517,45.99,2014-09-03 16:15:19+00:00,processed
1002,19558,49.99,2014-09-03 20:46:28+00:00,processed
1003,19225,49.99,2014-09-03 20:59:52+00:00,processed
1004,19464,29.99,2014-09-03 22:11:50+00:00,processed
1005,19345,49.99,2014-09-03 22:17:44+00:00,processed
1006,19161,49.99,2014-09-04 04:42:09+00:00,processed
1007,19211,49.99,2014-09-04 06:36:44+00:00,processed
1008,19423,49.99,2014-09-04 07:07:47+00:00,processed
1009,19304,49.99,2014-09-04 10:10:37+00:00,processed
1010,19147,49.99,2014-09-04 10:51:37+00:00,processed
1011,19169,49.99,2014-09-04 11:23:41+00:00,processed
1012,19163,49.99,2014-09-04 17:52:39+00:00,processed
1013,19136,49.99,2014-09-04 20:22:40+00:00,processed
1014,19431,49.99,2014-09-04 22:43:02+00:00,processed
1015,19242,49.99,2014-09-05 00:50:56+00:00,processed
1016,19348,49.99,2014-09-05 01:12:30+00:00,processed
1017,19210,49.99,2014-09-05 01:29:37+00:00,processed
1018,19362,49.99,2014-09-05 02:37:38+00:00,processed
1019,19381,49.99,2014-09-05 02:37:59+00:00,processed
1020,19652,49.99,2014-09-05 04:11:01+00:00,processed
1021,19597,49.99,2014-09-05 07:18:20+00:00,processed
1022,19530,49.99,2014-09-05 10:19:50+00:00,processed
1023,19499,49.99,2014-09-05 11:50:27+00:00,processed
1024,19150,49.99,2014-09-05 15:51:55+00:00,processed
1025,19346,49.99,2014-09-05 16:29:04+00:00,processed
1026,19360,49.99,2014-09-05 20:03:07+00:00,processed
1027,19203,49.99,2014-09-05 23:29:04+00:00,processed
1028,19742,59.99,2014-09-06 13:18:33+00:00,processed
1029,19557,49.99,2014-09-06 16:38:37+00:00,processed
1030,19596,49.99,2014-09-06 17:47:26+00:00,processed
1031,19709,45.99,2014-09-06 17:49:44+00:00,processed
1032,19535,29.99,2014-09-06 20:01:57+00:00,processed
1033,19463,49.99,2014-09-06 20:02:50+00:00,processed
1034,19720,49.99,2014-09-06 23:29:39+00:00,processed
1035,19655,49.99,2014-09-06 23:32:24+00:00,processed
1036,19327,49.99,2014-09-07 00:29:01+00:00,processed
1037,19604,49.99,2014-09-07 01:37:44+00:00,processed
1038,19333,49.99,2014-09-07 06:17:13+00:00,processed
1039,19776,49.99,2014-09-07 07:04:04+00:00,processed
1040,19284,49.99,2014-09-07 07:47:09+00:00,processed
1041,19253,49.99,2014-09-07 07:47:54+00:00,processed
1042,19241,45.99,2014-09-07 09:25:21+00:00,processed
1043,19232,49.99,2014-09-07 10:19:47+00:00,processed
1044,19243,49.99,2014-09-07 14:36:49+00:00,processed
1045,19778,49.99,2014-09-07 16:28:32+00:00,processed
1046,19518,49.99,2014-09-07 23:30:27+00:00,processed
1047,19673,49.99,2014-09-08 02:06:05+00:00,processed
1048,19706,49.99,2014-09-08 02:09:17+00:00,processed
1049,19657,49.99,2014-09-08 08:06:26+00:00,processed
1050,19275,49.99,2014-09-08 11:52:52+00:00,processed
1051,19367,49.99,2014-09-08 12:25:37+00:00,processed
1052,19731,49.99,2014-09-08 16:57:03+00:00,processed
1053,19546,49.99,2014-09-08 20:43:21+00:00,processed
1054,19331,49.99,2014-09-08 23:07:09+00:00,processed
1055,19502,49.99,2014-09-09 01:02:57+00:00,processed
1056,19332,49.99,2014-09-09 03:11:04+00:00,processed
1057,19560,49.99,2014-09-09 06:44:08+00:00,processed
1058,19779,49.99,2014-09-09 09:56:34+00:00,processed
1059,19290,49.99,2014-09-09 11:10:42+00:00,processed
1060,19271,49.99,2014-09-09 15:07:31+00:00,processed
1061,19267,49.99,2014-09-09 15:50:53+00:00,processed
1062,19476,49.99,2014-09-09 17:00:06+00:00,processed
1063,19576,49.99,2014-09-09 17:02:57+00:00,processed
1064,19606,49.99,2014-09-09 17:31:59+00:00,processed
1065,19613,49.99,2014-09-09 18:43:19+00:00,processed
1066,19834,49.99,2014-09-09 21:38:52+00:00,processed
1067,19490,49.99,2014-09-09 21:56:43+00:00,processed
1068,19551,49.99,2014-09-09 21:59:40+00:00,processed
1069,19405,49.99,2014-09-09 23:32:39+00:00,processed
1070,19343,49.99,2014-09-10 01:33:28+00:00,processed
1071,19729,49.99,2014-09-10 02:28:06+00:00,processed
1072,19366,49.99,2014-09-10 02:40:58+00:00,processed
1073,19312,49.99,2014-09-10 03:13:04+00:00,processed
1074,19757,49.99,2014-09-10 05:21:09+00:00,processed
1075,19349,49.99,2014-09-10 08:18:59+00:00,processed
1076,19559,49.99,2014-09-10 09:23:41+00:00,processed
1077,19695,45.99,2014-09-10 14:57:09+00:00,processed
1078,19801,49.99,2014-09-10 15:05:15+00:00,processed
1079,19399,49.99,2014-09-10 19:15:46+00:00,processed
1080,19500,49.99,2014-09-10 19:52:43+00:00,processed
1081,19930,49.99,2014-09-10 20:13:29+00:00,processed
1082,19351,49.99,2014-09-10 20:36:52+00:00,processed
1083,19947,49.99,2014-09-11 00:46:57+00:00,processed
1084,19544,49.99,2014-09-11 03:47:45+00:00,processed
1085,19468,49.99,2014-09-11 12:18:36+00:00,processed
1086,19339,49.99,2014-09-11 13:35:16+00:00,processed
1087,19357,49.99,2014-09-11 15:15:29+00:00,processed
1088,19983,49.99,2014-09-11 16:32:24+00:00,processed
1089,19770,49.99,2014-09-11 18:48:22+00:00,processed
1090,19805,49.99,2014-09-11 19:40:08+00:00,processed
1091,19385,49.99,2014-09-11 20:22:54+00:00,processed
1092,19507,49.99,2014-09-11 20:45:50+00:00,processed
1093,19522,49.99,2014-09-11 23:17:46+00:00,processed
1094,19583,49.99,2014-09-12 00:29:23+00:00,processed
1095,19829,49.99,2014-09-12 03:24:51+00:00,processed
1096,19922,49.99,2014-09-12 07:24:25+00:00,processed
1097,20008,49.99,2014-09-12 09:22:41+00:00,processed
1098,19570,49.99,2014-09-12 17:03:22+00:00,processed
1099,20020,49.99,2014-09-12 20:52:44+00:00,processed
1100,19592,49.99,2014-09-12 21:06:44+00:00,processed
1101,19855,49.99,2014-09-12 21:22:18+00:00,processed
1102,19820,49.99,2014-09-12 23:18:11+00:00,processed
1103,19465,49.99,2014-09-12 23:39:25+00:00,processed
1104,19871,49.99,2014-09-13 01:59:48+00:00,processed
1105,19518,59.99,2014-09-13 02:30:27+00:00,processed
1106,19900,49.99,2014-09-13 02:32:05+00:00,processed
1107,19587,49.99,2014-09-13 07:27:58+00:00,processed
1108,19556,49.99,2014-09-13 13:04:35+00:00,processed
1109,19627,49.99,2014-09-13 13:24:53+00:00,processed
1110,19830,49.99,2014-09-13 15:12:47+00:00,processed
1111,19702,49.99,2014-09-13 23:06:03+00:00,processed
1112,19748,49.99,2014-09-14 00:27:25+00:00,processed
1113,20067,49.99,2014-09-14 06:56:56+00:00,processed
1114,20101,49.99,2014-09-14 11:32:09+00:00,processed
1115,20115,49.99,2014-09-14 17:04:22+00:00,processed
1116,19840,49.99,2014-09-14 19:20:26+00:00,processed
1117,19674,49.99,2014-09-14 21:24:27+00:00,processed
1118,19620,49.99,2014-09-15 02:05:34+00:00,processed
1119,19634,45.99,2014-09-15 09:07:33+00:00,processed
1120,19756,49.99,2014-09-15 13:14:18+00:00,processed
1121,19751,49.99,2014-09-15 15:02:28+00:00,processed
1122,19575,49.99,2014-09-15 17:00:08+00:00,processed
1123,19550,49.99,2014-09-15 19:26:15+00:00,processed
1124,19848,45.99,2014-09-15 20:44:54+00:00,processed
1125,19791,49.99,2014-09-15 21:03:07+00:00,processed
1126,19856,49.99,2014-09-15 23:25:07+00:00,processed
1127,19666,49.99,2014-09-16 00:25:42+00:00,processed
1128,20192,49.99,2014-09-16 06:50:13+00:00,processed
1129,19727,45.99,2014-09-16 12:09:40+00:00,processed
1130,20058,49.99,2014-09-16 12:37:24+00:00,processed
1131,19603,49.99,2014-09-16 14:27:24+00:00,processed
1132,19653,49.99,2014-09-16 15:13:13+00:00,processed
1133,19678,49.99,2014-09-16 16:12:39+00:00,processed
1134,19946,49.99,2014-09-16 16:45:35+00:00,processed
1135,20131,49.99,2014-09-16 16:58:49+00:00,processed
1136,20013,49.99,2014-09-16 19:37:23+00:00,processed
1137,19787,49.99,2014-09-16 23:03:11+00:00,processed
1138,19723,49.99,2014-09-17 00:13:02+00:00,processed
1139,19574,49.99,2014-09-17 01:59:33+00:00,processed
1140,20171,49.99,2014-09-17 03:49:22+00:00,processed
1141,20094,49.99,2014-09-17 07:59:09+00:00,processed
1142,19850,49.99,2014-09-17 13:38:02+00:00,processed
1143,20181,49.99,2014-09-17 14:05:54+00:00,processed
1144,19632,49.99,2014-09-17 18:19:59+00:00,processed
1145,20148,49.99,2014-09-17 19:42:03+00:00,processed
1146,19853,49.99,2014-09-17 19:56:27+00:00,processed
1147,20024,49.99,2014-09-17 20:45:00+00:00,processed
1148,19716,49.99,2014-09-17 21:19:49+00:00,processed
1149,19915,49.99,2014-09-17 21:40:11+00:00,processed
1150,20216,45.99,2014-09-18 00:23:06+00:00,processed
1151,20075,49.99,2014-09-18 00:49:07+00:00,processed
1152,19862,49.99,2014-09-18 11:24:57+00:00,processed
1153,19700,49.99,2014-09-18 16:32:53+00:00,processed
1154,20276,49.99,2014-09-18 18:25:56+00:00,processed
1155,20254,49.99,2014-09-18 19:20:35+00:00,processed
1156,20076,49.99,2014-09-18 20:52:08+00:00,processed
1157,19688,49.99,2014-09-18 21:26:56+00:00,processed
1158,20245,49.99,2014-09-19 05:19:30+00:00,processed
1159,20322,59.99,2014-09-19 11:53:56+00:00,processed
1160,19810,49.99,2014-09-19 15:08:32+00:00,processed
1161,19885,49.99,2014-09-19 18:29:46+00:00,processed
1162,20064,49.99,2014-09-19 21:54:11+00:00,processed
1163,20095,49.99,2014-09-19 23:23:26+00:00,processed
1164,19898,59.99,2014-09-20 02:57:21+00:00,processed
1165,19988,29.99,2014-09-20 04:24:00+00:00,processed
1166,20098,49.99,2014-09-20 09:57:01+00:00,processed
1167,19788,49.99,2014-09-20 10:14:12+00:00,processed
1168,19944,49.99,2014-09-20 12:32:02+00:00,processed
1169,20016,49.99,2014-09-20 14:57:23+00:00,processed
1170,19894,49.99,2014-09-20 22:13:18+00:00,processed
1171,20180,49.99,2014-09-21 00:23:46+00:00,processed
1172,20196,45.99,2014-09-21 03:15:57+00:00,processed
1173,19867,59.99,2014-09-21 08:00:26+00:00,processed
1174,20217,49.99,2014-09-22 00:30:00+00:00,processed
1175,20133,49.99,2014-09-22 00:39:45+00:00,processed
1176,20158,49.99,2014-09-22 01:37:38+00:00,processed
1177,20129,49.99,2014-09-22 03:58:52+00:00,processed
1178,19912,49.99,2014-09-22 06:05:39+00:00,processed
1179,20091,49.99,2014-09-22 08:37:38+00:00,processed
1180,19848,49.99,2014-09-22 10:44:54+00:00,processed
1181,20122,49.99,2014-09-22 13:19:14+00:00,processed
1182,20189,49.99,2014-09-22 16:35:52+00:00,processed
1183,20364,49.99,2014-09-22 17:43:52+00:00,processed
1184,20205,49.99,2014-09-22 18:50:07+00:00,processed
1185,19978,49.99,2014-09-22 20:54:53+00:00,processed
1186,19909,49.99,2014-09-22 21:07:39+00:00,processed
1187,20066,49.99,2014-09-22 23:54:50+00:00,processed
1188,20479,49.99,2014-09-23 04:34:43+00:00,processed
1189,20249,45.99,2014-09-23 12:48:49+00:00,processed
1190,20125,49.99,2014-09-23 14:57:39+00:00,processed
1191,20231,49.99,2014-09-23 22:48:26+00:00,processed
1192,20049,49.99,2014-09-24 04:53:24+00:00,processed
1193,20273,49.99,2014-09-24 14:58:49+00:00,processed
1194,20199,49.99,2014-09-24 19:39:05+00:00,processed
1195,20568,49.99,2014-09-24 23:09:33+00:00,processed
1196,20117,49.99,2014-09-24 23:56:53+00:00,processed
1197,20119,49.99,2014-09-25 00:15:57+00:00,processed
1198,20130,49.99,2014-09-25 02:04:13+00:00,processed
1199,20220,49.99,2014-09-25 04:23:05+00:00,processed
1200,20105,45.99,2014-09-25 13:22:23+00:00,processed
1201,20193,49.99,2014-09-25 14:26:00+00:00,processed
1202,20057,49.99,2014-09-25 23:17:55+00:00,processed
1203,20207,45.99,2014-09-26 03:02:14+00:00,processed
1204,20560,49.99,2014-09-26 03:10:40+00:00,processed
1205,20198,49.99,2014-09-26 11:28:32+00:00,processed
1206,20090,49.99,2014-09-27 00:27:43+00:00,processed
1207,20645,49.99,2014-09-27 20:42:09+00:00,processed
1208,20159,49.99,2014-09-28 00:12:46+00:00,processed
1209,20248,49.99,2014-09-28 03:48:41+00:00,processed
1210,20200,49.99,2014-09-28 07:23:37+00:00,processed
1211,20337,45.99,2014-09-28 14:21:22+00:00,processed
1212,20174,49.99,2014-09-28 14:51:05+00:00,processed
1213,20268,49.99,2014-09-28 19:23:33+00:00,processed
1214,20647,45.99,2014-09-28 23:04:55+00:00,processed
1215,20228,49.99,2014-09-28 23:24:15+00:00,processed
1216,20260,49.99,2014-09-29 00:50:13+00:00,processed
1217,20235,49.99,2014-09-29 16:01:41+00:00,processed
1218,20251,49.99,2014-09-29 19:41:24+00:00,processed
1219,20306,45.99,2014-09-30 08:30:28+00:00,processed
1220,20578,49.99,2014-09-30 18:19:00+00:00,processed
1221,20242,49.99,2014-09-30 19:17:55+00:00,processed
1222,20837,49.99,2014-10-01 01:32:34+00:00,processed
1223,20744,49.99,2014-10-01 09:42:21+00:00,processed
1224,20861,29.99,2014-10-01 11:43:58+00:00,processed
1225,20611,45.99,2014-10-01 16:18:28+00:00,processed
1226,20640,45.99,2014-10-02 20:54:56+00:00,processed
1227,20805,49.99,2014-10-03 13:11:33+00:00,processed
1228,20577,45.99,2014-10-05 02:05:54+00:00,processed
1229,20571,29.99,2014-10-05 06:53:43+00:00,processed
1230,20664,49.99,2014-10-05 15:31:04+00:00,processed
1231,20559,49.99,2014-10-06 14:13:02+00:00,processed
1232,20966,59.99,2014-10-06 16:48:44+00:00,processed
1233,20775,59.99,2014-10-06 18:52:32+00:00,processed
1234,21192,45.99,2014-10-07 04:44:30+00:00,processed
1235,21113,29.99,2014-10-07 13:35:25+00:00,processed
1236,20686,45.99,2014-10-07 17:41:13+00:00,processed
1237,20609,49.99,2014-10-08 09:57:22+00:00,processed
1238,20897,45.99,2014-10-08 20:53:49+00:00,processed
1239,21156,49.99,2014-10-09 09:31:27+00:00,processed
1240,20906,45.99,2014-10-09 15:13:56+00:00,processed
1241,21190,49.99,2014-10-09 18:14:11+00:00,processed
1242,20729,45.99,2014-10-10 02:13:20+00:00,processed
1243,20821,29.99,2014-10-10 11:32:30+00:00,processed
1244,20882,59.99,2014-10-10 15:58:58+00:00,processed
1245,21138,49.99,2014-10-11 02:27:58+00:00,processed
1246,21187,59.99,2014-10-11 08:58:17+00:00,processed
1247,21270,45.99,2014-10-11 19:37:22+00:00,processed
1248,21334,49.99,2014-10-12 01:49:55+00:00,processed
1249,21146,49.99,2014-10-12 12:17:09+00:00,processed
1250,21473,49.99,2014-10-13 01:03:58+00:00,processed
1251,20982,59.99,2014-10-13 01:37:41+00:00,processed
1252,21095,49.99,2014-10-13 10:19:39+00:00,processed
1253,21197,45.99,2014-10-13 12:35:16+00:00,processed
1254,21028,49.99,2014-10-14 08:28:49+00:00,processed
1255,20872,45.99,2014-10-14 11:37:45+00:00,processed
1256,21539,29.99,2014-10-15 04:08:46+00:00,processed
1257,21444,45.99,2014-10-15 21:47:57+00:00,processed
1258,21293,49.99,2014-10-16 10:59:12+00:00,processed
1259,21112,45.99,2014-10-16 12:15:27+00:00,processed
1260,21165,45.99,2014-10-17 11:24:59+00:00,processed
1261,21741,45.99,2014-10-17 19:08:33+00:00,processed
1262,21378,49.99,2014-10-18 09:06:25+00:00,processed
1263,21708,59.99,2014-10-18 16:22:41+00:00,processed
1264,21273,49.99,2014-10-18 20:15:11+00:00,processed
1265,21317,29.99,2014-10-19 21:21:49+00:00,processed
1266,21712,49.99,2014-10-21 00:18:32+00:00,processed
1267,21743,45.99,2014-10-21 10:34:18+00:00,processed
1268,21278,29.99,2014-10-22 03:19:55+00:00,processed
1269,21453,29.99,2014-10-23 01:42:43+00:00,processed
1270,21826,59.99,2014-10-23 02:04:46+00:00,processed
1271,21976,49.99,2014-10-23 07:34:00+00:00,processed
1272,21510,45.99,2014-10-25 02:23:13+00:00,processed
1273,21957,49.99,2014-10-25 09:36:33+00:00,processed
1274,22204,45.99,2014-10-26 10:37:20+00:00,processed
1275,21607,45.99,2014-10-26 19:51:51+00:00,processed
1276,22175,49.99,2014-10-27 05:07:58+00:00,processed
1277,21692,49.99,2014-10-27 05:15:18+00:00,processed
1278,21651,49.99,2014-10-28 09:44:59+00:00,processed
1279,21687,49.99,2014-10-28 21:00:30+00:00,processed
1280,21906,49.99,2014-10-30 04:00:37+00:00,processed
1281,21892,49.99,2014-10-30 09:38:09+00:00,processed
1282,22018,45.99,2014-11-01 00:44:50+00:00,processed
1283,22483,29.99,2014-11-02 02:09:00+00:00,processed
1284,22114,49.99,2014-11-03 16:22:18+00:00,processed
1285,22429,49.99,2014-11-03 18:06:31+00:00,processed
1286,22382,49.99,2014-11-03 18:31:56+00:00,processed
1287,22280,45.99,2014-11-05 09:16:36+00:00,processed
1288,22216,49.99,2014-11-05 13:22:46+00:00,processed
1289,22403,59.99,2014-11-05 22:23:33+00:00,processed
1290,22143,49.99,2014-11-05 22:42:48+00:00,processed
1291,22390,29.99,2014-11-06 04:57:08+00:00,processed
1292,22108,49.99,2014-11-06 08:28:09+00:00,processed
1293,22283,49.99,2014-11-07 01:20:05+00:00,processed
1294,22359,45.99,2014-11-08 17:50:25+00:00,processed
1295,22752,49.99,2014-11-09 01:01:40+00:00,processed
1296,22411,49.99,2014-11-10 02:13:28+00:00,processed
1297,22560,29.99,2014-11-10 04:18:56+00:00,processed
1298,22511,49.99,2014-11-10 09:04:45+00:00,processed
1299,22547,45.99,2014-11-12 13:20:51+00:00,processed
1300,22717,49.99,2014-11-13 04:05:02+00:00,processed
1301,23063,49.99,2014-11-13 12:32:53+00:00,processed
1302,22532,45.99,2014-11-14 16:59:21+00:00,processed
1303,22634,45.99,2014-11-14 17:48:01+00:00,processed
1304,23215,45.99,2014-11-15 01:21:10+00:00,processed
1305,22526,45.99,2014-11-15 03:45:17+00:00,processed
1306,22598,29.99,2014-11-15 12:00:24+00:00,processed
1307,22551,59.99,2014-11-15 17:22:35+00:00,processed
1308,22773,45.99,2014-11-15 19:53:58+00:00,processed
1309,22836,45.99,2014-11-15 20:58:04+00:00,processed
1310,22731,29.99,2014-11-16 19:01:53+00:00,processed
1311,23208,29.99,2014-11-17 12:43:22+00:00,processed
1312,22966,45.99,2014-11-17 16:01:52+00:00,processed
1313,22869,59.99,2014-11-18 13:52:49+00:00,processed
1314,22714,49.99,2014-11-18 23:39:37+00:00,processed
1315,23402,45.99,2014-11-19 12:42:38+00:00,processed
1316,22986,59.99,2014-11-19 21:18:28+00:00,processed
1317,23496,49.99,2014-11-20 04:34:02+00:00,processed
1318,23026,49.99,2014-11-20 07:51:17+00:00,processed
1319,22839,45.99,2014-11-20 12:21:40+00:00,processed
1320,23347,45.99,2014-11-20 18:37:27+00:00,processed
1321,23080,59.99,2014-11-20 21:07:09+00:00,processed
1322,23239,49.99,2014-11-21 03:06:45+00:00,processed
1323,23386,49.99,2014-11-21 12:40:06+00:00,processed
1324,23321,49.99,2014-11-21 15:08:12+00:00,processed
1325,22879,49.99,2014-11-21 16:31:31+00:00,processed
1326,23217,45.99,2014-11-21 18:04:23+00:00,processed
1327,23467,49.99,2014-11-21 22:50:33+00:00,processed
1328,23157,49.99,2014-11-22 09:14:11+00:00,processed
1329,23107,49.99,2014-11-22 16:16:05+00:00,processed
1330,23482,49.99,2014-11-23 05:55:14+00:00,processed
1331,23242,49.99,2014-11-23 18:08:46+00:00,processed
1332,23312,45.99,2014-11-25 10:56:48+00:00,processed
1333,23526,59.99,2014-11-25 11:39:40+00:00,processed
1334,23251,49.99,2014-11-26 00:52:02+00:00,processed
1335,23634,45.99,2014-11-26 06:15:04+00:00,processed
1336,23374,49.99,2014-11-28 13:46:58+00:00,processed
1337,23200,45.99,2014-11-28 13:57:26+00:00,processed
1338,23321,45.99,2014-11-28 18:08:12+00:00,processed
1339,23460,59.99,2014-11-29 04:08:53+00:00,processed
1340,23272,49.99,2014-11-29 11:31:49+00:00,processed
1341,23973,49.99,2014-11-29 12:27:56+00:00,processed
1342,23822,49.99,2014-11-29 15:13:46+00:00,processed
1343,23924,45.99,2014-11-29 19:34:46+00:00,processed
1344,23475,49.99,2014-11-30 03:45:52+00:00,processed
1345,24043,29.99,2014-11-30 08:12:32+00:00,processed
1346,23868,49.99,2014-11-30 21:43:02+00:00,processed
1347,24308,49.99,2014-12-01 05:29:43+00:00,processed
1348,24433,49.99,2014-12-01 10:37:22+00:00,processed
1349,24265,49.99,2014-12-01 11:58:26+00:00,processed
1350,24472,49.99,2014-12-01 14:54:59+00:00,processed
1351,24490,49.99,2014-12-01 17:00:49+00:00,processed
1352,23967,45.99,2014-12-01 23:07:35+00:00,processed
1353,24012,49.99,2014-12-02 02:45:04+00:00,processed
1354,23559,45.99,2014-12-02 03:42:19+00:00,processed
1355,24544,49.99,2014-12-02 11:08:41+00:00,processed
1356,24172,49.99,2014-12-03 02:31:55+00:00,processed
1357,24646,49.99,2014-12-03 11:58:33+00:00,processed
1358,24573,49.99,2014-12-03 13:24:19+00:00,processed
1359,24538,49.99,2014-12-03 14:17:59+00:00,processed
1360,24751,49.99,2014-12-03 16:05:34+00:00,processed
1361,23741,49.99,2014-12-03 18:07:56+00:00,processed
1362,24561,59.99,2014-12-04 00:46:21+00:00,processed
1363,24624,49.99,2014-12-04 04:56:13+00:00,processed
1364,23604,49.99,2014-12-04 17:35:47+00:00,processed
1365,24286,49.99,2014-12-04 18:39:23+00:00,processed
1366,24618,49.99,2014-12-05 00:31:25+00:00,processed
1367,24356,59.99,2014-12-05 02:48:29+00:00,processed
1368,23792,45.99,2014-12-05 16:57:07+00:00,processed
1369,24398,49.99,2014-12-05 19:10:46+00:00,processed
1370,24816,49.99,2014-12-06 02:39:11+00:00,processed
1371,24740,49.99,2014-12-06 07:37:58+00:00,processed
1372,24413,45.99,2014-12-06 16:37:50+00:00,processed
1373,24852,45.99,2014-12-07 01:22:20+00:00,processed
1374,24486,49.99,2014-12-07 02:33:52+00:00,processed
1375,24385,45.99,2014-12-07 04:45:26+00:00,processed
1376,24150,49.99,2014-12-07 05:06:50+00:00,processed
1377,24174,45.99,2014-12-07 08:48:59+00:00,processed
1378,23852,45.99,2014-12-07 17:27:25+00:00,processed
1379,23809,49.99,2014-12-07 18:31:09+00:00,processed
1380,24666,49.99,2014-12-07 22:24:28+00:00,processed
1381,24966,49.99,2014-12-07 22:57:31+00:00,processed
1382,24463,49.99,2014-12-08 00:16:15+00:00,processed
1383,24471,49.99,2014-12-08 02:50:32+00:00,processed
1384,24963,45.99,2014-12-08 03:11:32+00:00,processed
1385,24003,49.99,2014-12-08 14:10:39+00:00,processed
1386,23961,49.99,2014-12-08 20:58:49+00:00,processed
1387,24266,49.99,2014-12-08 23:59:47+00:00,processed
1388,24969,45.99,2014-12-09 01:15:52+00:00,processed
1389,24514,49.99,2014-12-09 11:19:53+00:00,processed
1390,25117,29.99,2014-12-09 18:31:19+00:00,processed
1391,24785,49.99,2014-12-09 18:46:41+00:00,processed
1392,25058,49.99,2014-12-09 19:49:31+00:00,processed
1393,23932,29.99,2014-12-09 20:35:27+00:00,processed
1394,25099,49.99,2014-12-10 02:17:39+00:00,processed
1395,23950,59.99,2014-12-10 03:41:29+00:00,processed
1396,24453,45.99,2014-12-10 08:38:46+00:00,processed
1397,24132,49.99,2014-12-10 19:53:04+00:00,processed
1398,25070,49.99,2014-12-10 22:00:43+00:00,processed
1399,24472,29.99,2014-12-10 22:54:59+00:00,processed
1400,24858,49.99,2014-12-11 02:39:59+00:00,processed
1401,25214,49.99,2014-12-11 06:23:24+00:00,processed
1402,24633,49.99,2014-12-11 08:49:37+00:00,processed
1403,24848,49.99,2014-12-11 11:06:43+00:00,processed
1404,24667,45.99,2014-12-11 17:25:11+00:00,processed
1405,24278,45.99,2014-12-12 01:20:56+00:00,processed
1406,25063,45.99,2014-12-12 08:50:46+00:00,processed
1407,25206,49.99,2014-12-12 09:54:07+00:00,processed
1408,25186,29.99,2014-12-13 05:24:16+00:00,processed
1409,24246,49.99,2014-12-13 07:25:14+00:00,processed
1410,25444,45.99,2014-12-13 22:22:21+00:00,processed
1411,24436,49.99,2014-12-14 06:46:59+00:00,processed
1412,24493,49.99,2014-12-14 07:07:11+00:00,processed
1413,24560,49.99,2014-12-14 08:33:43+00:00,processed
1414,24586,45.99,2014-12-15 02:03:03+00:00,processed
1415,24972,29.99,2014-12-15 17:50:00+00:00,processed
1416,25521,49.99,2014-12-15 22:14:56+00:00,processed
1417,24625,59.99,2014-12-16 15:08:30+00:00,processed
1418,24900,49.99,2014-12-16 16:57:42+00:00,processed
1419,24689,59.99,2014-12-17 09:20:46+00:00,processed
1420,25502,49.99,2014-12-18 08:53:06+00:00,processed
1421,25003,45.99,2014-12-18 10:12:10+00:00,processed
1422,25452,45.99,2014-12-18 10:46:47+00:00,processed
1423,24959,49.99,2014-12-18 16:45:15+00:00,processed
1424,25182,29.99,2014-12-18 22:08:12+00:00,processed
1425,25790,49.99,2014-12-19 12:23:25+00:00,processed
1426,25663,45.99,2014-12-20 10:42:29+00:00,processed
1427,25496,45.99,2014-12-20 17:41:22+00:00,processed
1428,25705,49.99,2014-12-21 02:55:55+00:00,processed
1429,26060,49.99,2014-12-22 09:41:44+00:00,processed
1430,25935,45.99,2014-12-22 10:51:34+00:00,processed
1431,26040,29.99,2014-12-22 19:39:59+00:00,processed
1432,25549,49.99,2014-12-23 03:04:40+00:00,processed
1433,25448,49.99,2014-12-23 03:08:36+00:00,processed
1434,25861,45.99,2014-12-23 03:56:45+00:00,processed
1435,25640,45.99,2014-12-23 09:00:24+00:00,processed
1436,25980,49.99,2014-12-23 12:16:27+00:00,processed
1437,25474,49.99,2014-12-23 13:18:49+00:00,processed
1438,25165,45.99,2014-12-23 14:19:28+00:00,processed
1439,25987,49.99,2014-12-23 16:44:11+00:00,processed
1440,26084,49.99,2014-12-23 22:37:51+00:00,processed
1441,25558,49.99,2014-12-24 14:48:49+00:00,processed
1442,25420,45.99,2014-12-24 16:13:49+00:00,processed
1443,26207,49.99,2014-12-24 16:38:39+00:00,processed
1444,25833,49.99,2014-12-24 19:09:47+00:00,processed
1445,25848,49.99,2014-12-24 19:24:58+00:00,processed
1446,25590,59.99,2014-12-25 05:03:18+00:00,processed
1447,25743,49.99,2014-12-25 13:43:37+00:00,processed
1448,26109,49.99,2014-12-26 07:54:54+00:00,processed
1449,25992,49.99,2014-12-26 18:45:33+00:00,processed
1450,26270,49.99,2014-12-26 22:37:51+00:00,processed
1451,26211,49.99,2014-12-26 22:46:29+00:00,processed
1452,25847,49.99,2014-12-27 03:11:46+00:00,processed
1453,26396,59.99,2014-12-27 15:04:04+00:00,processed
1454,26199,59.99,2014-12-27 18:01:52+00:00,processed
1455,26017,45.99,2014-12-27 21:44:23+00:00,processed
1456,26410,59.99,2014-12-28 08:29:29+00:00,processed
1457,26475,45.99,2014-12-28 15:37:26+00:00,processed
1458,25691,29.99,2014-12-28 17:07:02+00:00,processed
1459,25799,49.99,2014-12-28 18:23:58+00:00,processed
1460,26480,45.99,2014-12-29 01:13:39+00:00,processed
1461,26556,49.99,2014-12-29 14:20:54+00:00,processed
1462,25735,49.99,2014-12-29 21:02:27+00:00,processed
1463,26503,45.99,2014-12-30 02:36:05+00:00,processed
1464,25844,45.99,2014-12-30 09:38:48+00:00,processed
1465,25838,49.99,2014-12-30 10:49:19+00:00,processed
1466,26210,49.99,2014-12-30 17:32:29+00:00,processed
1467,26492,49.99,2014-12-31 19:35:21+00:00,processed
1468,26212,49.99,2014-12-31 21:09:44+00:00,processed
1469,26205,45.99,2015-01-01 02:31:41+00:00,processed
1470,26424,45.99,2015-01-01 03:49:57+00:00,processed
1471,26131,45.99,2015-01-02 00:52:34+00:00,processed
1472,26080,49.99,2015-01-02 09:02:25+00:00,processed
1473,25964,45.99,2015-01-02 14:22:10+00:00,processed
1474,26633,49.99,2015-01-02 20:47:14+00:00,processed
1475,26365,45.99,2015-01-03 05:02:08+00:00,processed
1476,26781,59.99,2015-01-03 21:34:04+00:00,processed
1477,26439,59.99,2015-01-04 01:52:45+00:00,processed
1478,26111,49.99,2015-01-04 05:59:50+00:00,processed
1479,26070,45.99,2015-01-04 15:42:31+00:00,processed
1480,26742,29.99,2015-01-05 00:04:57+00:00,processed
1481,26175,45.99,2015-01-05 05:29:39+00:00,processed
1482,26393,45.99,2015-01-06 00:27:41+00:00,processed
1483,26769,49.99,2015-01-06 04:18:59+00:00,processed
1484,26570,49.99,2015-01-06 08:15:16+00:00,processed
1485,26442,49.99,2015-01-06 15:01:48+00:00,processed
1486,26621,49.99,2015-01-06 20:47:28+00:00,processed
1487,26656,45.99,2015-01-07 06:36:50+00:00,processed
1488,26378,45.99,2015-01-07 22:04:13+00:00,processed
1489,26987,49.99,2015-01-08 05:52:22+00:00,processed
1490,26294,45.99,2015-01-08 06:10:41+00:00,processed
1491,26835,29.99,2015-01-08 07:54:21+00:00,processed
1492,26867,49.99,2015-01-08 09:11:28+00:00,processed
1493,27263,45.99,2015-01-09 05:06:50+00:00,processed
1494,26934,49.99,2015-01-09 21:02:05+00:00,processed
1495,27214,45.99,2015-01-09 22:01:58+00:00,processed
1496,26814,45.99,2015-01-09 22:02:30+00:00,processed
1497,26692,49.99,2015-01-10 01:59:58+00:00,processed
1498,26522,59.99,2015-01-10 03:28:26+00:00,processed
1499,27121,49.99,2015-01-10 21:36:20+00:00,processed
1500,26608,49.99,2015-01-11 00:19:52+00:00,processed
1501,26961,49.99,2015-01-12 05:32:25+00:00,processed
1502,26675,49.99,2015-01-12 06:07:36+00:00,processed
1503,27030,59.99,2015-01-12 06:10:48+00:00,processed
1504,26919,45.99,2015-01-12 11:36:52+00:00,processed
1505,27061,49.99,2015-01-12 11:47:12+00:00,processed
1506,27062,49.99,2015-01-12 18:50:38+00:00,processed
1507,26717,49.99,2015-01-12 19:09:46+00:00,processed
1508,26982,45.99,2015-01-12 21:57:52+00:00,processed
1509,27469,49.99,2015-01-13 02:54:17+00:00,processed
1510,27202,49.99,2015-01-13 03:26:18+00:00,processed
1511,26802,45.99,2015-01-13 03:49:27+00:00,processed
1512,26757,45.99,2015-01-13 04:36:11+00:00,processed
1513,26895,45.99,2015-01-13 21:06:55+00:00,processed
1514,27116,45.99,2015-01-14 20:20:59+00:00,processed
1515,27437,45.99,2015-01-15 11:36:08+00:00,processed
1516,26928,49.99,2015-01-15 20:28:00+00:00,processed
1517,27037,49.99,2015-01-16 09:11:52+00:00,processed
1518,27161,49.99,2015-01-16 10:32:26+00:00,processed
1519,27519,45.99,2015-01-17 18:20:37+00:00,processed
1520,27658,29.99,2015-01-17 20:10:28+00:00,processed
1521,27892,49.99,2015-01-17 20:33:33+00:00,processed
1522,27812,49.99,2015-01-17 22:54:03+00:00,processed
1523,27867,49.99,2015-01-18 17:24:08+00:00,processed
1524,27765,45.99,2015-01-18 19:12:34+00:00,processed
1525,27622,49.99,2015-01-19 01:25:43+00:00,processed
1526,27061,45.99,2015-01-19 13:47:12+00:00,processed
1527,27441,45.99,2015-01-19 17:53:53+00:00,processed
1528,27207,49.99,2015-01-19 23:25:44+00:00,processed
1529,27722,49.99,2015-01-20 01:41:24+00:00,processed
1530,27674,59.99,2015-01-20 15:08:20+00:00,processed
1531,27671,49.99,2015-01-20 21:33:08+00:00,processed
1532,28008,29.99,2015-01-21 03:08:21+00:00,processed
1533,27951,49.99,2015-01-21 04:25:49+00:00,processed
1534,27969,45.99,2015-01-21 10:29:57+00:00,processed
1535,27382,49.99,2015-01-21 11:30:26+00:00,processed
1536,28063,49.99,2015-01-21 12:10:43+00:00,processed
1537,27628,45.99,2015-01-21 15:20:26+00:00,processed
1538,27851,49.99,2015-01-21 18:34:15+00:00,processed
1539,27632,49.99,2015-01-22 05:43:34+00:00,processed
1540,27539,49.99,2015-01-22 12:53:59+00:00,processed
1541,27729,45.99,2015-01-22 13:27:10+00:00,processed
1542,27746,59.99,2015-01-22 16:57:20+00:00,processed
1543,27518,49.99,2015-01-22 19:07:51+00:00,processed
1544,27403,59.99,2015-01-22 19:14:21+00:00,processed
1545,27433,49.99,2015-01-24 17:38:50+00:00,processed
1546,27985,45.99,2015-01-25 02:10:34+00:00,processed
1547,27698,49.99,2015-01-25 04:25:55+00:00,processed
1548,28177,49.99,2015-01-25 14:52:44+00:00,processed
1549,28005,59.99,2015-01-26 09:12:47+00:00,processed
1550,28108,49.99,2015-01-26 12:33:39+00:00,processed
1551,28091,45.99,2015-01-27 03:52:37+00:00,processed
1552,28071,45.99,2015-01-27 16:35:41+00:00,processed
1553,28215,45.99,2015-01-28 07:35:07+00:00,processed
1554,28196,49.99,2015-01-28 11:40:43+00:00,processed
1555,27853,49.99,2015-01-28 16:47:36+00:00,processed
1556,27894,49.99,2015-01-28 19:10:34+00:00,processed
1557,27749,45.99,2015-01-29 02:01:56+00:00,processed
1558,28074,49.99,2015-01-29 02:51:44+00:00,processed
1559,28129,45.99,2015-01-29 03:37:20+00:00,processed
1560,27814,49.99,2015-01-29 14:10:13+00:00,processed
1561,28519,49.99,2015-01-29 20:35:59+00:00,processed
1562,28141,49.99,2015-01-29 22:37:23+00:00,processed
1563,28267,45.99,2015-01-30 11:44:27+00:00,processed
1564,28699,45.99,2015-01-30 22:44:47+00:00,processed
1565,28798,45.99,2015-01-30 23:01:28+00:00,processed
1566,28521,49.99,2015-01-31 00:08:53+00:00,processed
1567,27943,59.99,2015-01-31 06:41:31+00:00,processed
1568,28220,49.99,2015-01-31 19:29:31+00:00,processed
1569,28349,49.99,2015-02-01 01:05:36+00:00,processed
1570,28816,49.99,2015-02-01 03:00:31+00:00,processed
1571,28286,49.99,2015-02-01 06:34:53+00:00,processed
1572,28445,29.99,2015-02-02 02:53:04+00:00,processed
1573,28776,49.99,2015-02-02 06:57:14+00:00,processed
1574,28064,59.99,2015-02-02 19:36:37+00:00,processed
1575,28631,49.99,2015-02-02 23:05:39+00:00,processed
1576,28254,29.99,2015-02-02 23:31:27+00:00,processed
1577,28677,49.99,2015-02-03 03:37:55+00:00,processed
1578,28803,49.99,2015-02-03 07:24:32+00:00,processed
1579,28717,49.99,2015-02-05 03:09:27+00:00,processed
1580,28749,45.99,2015-02-05 03:44:35+00:00,processed
1581,28802,29.99,2015-02-05 05:24:04+00:00,processed
1582,28243,45.99,2015-02-05 07:35:45+00:00,processed
1583,28233,59.99,2015-02-05 16:52:05+00:00,processed
1584,28260,59.99,2015-02-05 19:30:40+00:00,processed
1585,28922,29.99,2015-02-05 22:56:12+00:00,processed
1586,28423,29.99,2015-02-06 01:00:21+00:00,processed
1587,29086,45.99,2015-02-06 04:16:06+00:00,processed
1588,28872,49.99,2015-02-06 14:02:47+00:00,processed
1589,28526,45.99,2015-02-07 00:16:28+00:00,processed
1590,28976,45.99,2015-02-07 03:32:32+00:00,processed
1591,29155,59.99,2015-02-07 14:34:08+00:00,processed
1592,29089,45.99,2015-02-08 05:04:26+00:00,processed
1593,29367,49.99,2015-02-08 12:59:24+00:00,processed
1594,28847,49.99,2015-02-08 17:38:06+00:00,processed
1595,28790,49.99,2015-02-09 20:08:18+00:00,processed
1596,28594,45.99,2015-02-10 06:56:44+00:00,processed
1597,29050,45.99,2015-02-10 07:25:09+00:00,processed
1598,28668,45.99,2015-02-10 10:34:19+00:00,processed
1599,29363,49.99,2015-02-10 15:53:37+00:00,processed
1600,28849,49.99,2015-02-10 20:42:43+00:00,processed
1601,29214,49.99,2015-02-11 13:14:54+00:00,processed
1602,28663,59.99,2015-02-12 02:18:22+00:00,processed
1603,28802,49.99,2015-02-12 06:24:04+00:00,processed
1604,29223,49.99,2015-02-12 07:08:16+00:00,processed
1605,28727,49.99,2015-02-12 13:42:34+00:00,processed
1606,29495,45.99,2015-02-12 14:57:18+00:00,processed
1607,28858,45.99,2015-02-13 14:14:30+00:00,processed
1608,29048,49.99,2015-02-13 17:27:19+00:00,processed
1609,29933,49.99,2015-02-15 03:09:49+00:00,processed
1610,29488,29.99,2015-02-15 07:36:03+00:00,processed
1611,29103,45.99,2015-02-15 18:18:55+00:00,processed
1612,29372,45.99,2015-02-16 02:46:47+00:00,processed
1613,29594,49.99,2015-02-16 15:02:09+00:00,processed
1614,29359,49.99,2015-02-16 18:48:11+00:00,processed
1615,29855,49.99,2015-02-17 00:23:21+00:00,processed
1616,29093,49.99,2015-02-17 13:39:41+00:00,processed
1617,29090,49.99,2015-02-17 18:52:45+00:00,processed
1618,29895,59.99,2015-02-17 21:38:33+00:00,processed
1619,29675,59.99,2015-02-18 08:32:46+00:00,processed
1620,29403,49.99,2015-02-18 12:37:58+00:00,processed
1621,30100,59.99,2015-02-20 00:24:00+00:00,processed
1622,29503,49.99,2015-02-20 02:51:39+00:00,processed
1623,29964,59.99,2015-02-20 19:45:50+00:00,processed
1624,29550,59.99,2015-02-20 21:48:17+00:00,processed
1625,29292,45.99,2015-02-20 22:06:44+00:00,processed
1626,29547,49.99,2015-02-21 01:35:55+00:00,processed
1627,30344,49.99,2015-02-21 03:00:45+00:00,processed
1628,30279,49.99,2015-02-21 08:57:13+00:00,processed
1629,29624,49.99,2015-02-21 16:55:51+00:00,processed
1630,29953,49.99,2015-02-21 19:43:04+00:00,processed
1631,29916,59.99,2015-02-22 08:02:01+00:00,processed
1632,30450,49.99,2015-02-22 08:44:53+00:00,processed
1633,29478,49.99,2015-02-22 13:55:32+00:00,processed
1634,29843,45.99,2015-02-22 14:06:31+00:00,processed
1635,30134,49.99,2015-02-23 22:30:09+00:00,processed
1636,30054,49.99,2015-02-23 22:54:51+00:00,processed
1637,29990,45.99,2015-02-24 01:52:20+00:00,processed
1638,29530,59.99,2015-02-24 05:18:29+00:00,processed
1639,30263,49.99,2015-02-24 07:46:53+00:00,processed
1640,30151,49.99,2015-02-25 11:15:51+00:00,processed
1641,29833,45.99,2015-02-27 07:39:11+00:00,processed
1642,30300,49.99,2015-02-27 13:20:26+00:00,processed
1643,30444,29.99,2015-02-27 14:49:04+00:00,processed
1644,30288,49.99,2015-02-27 19:49:04+00:00,processed
1645,30034,49.99,2015-02-28 04:40:38+00:00,processed
1646,30858,59.99,2015-02-28 09:39:47+00:00,processed
1647,30367,49.99,2015-02-28 13:32:24+00:00,processed
1648,30878,59.99,2015-03-01 05:44:02+00:00,processed
1649,30731,45.99,2015-03-01 07:09:05+00:00,processed
1650,30371,49.99,2015-03-02 02:56:29+00:00,processed
1651,30699,45.99,2015-03-02 04:28:13+00:00,processed
1652,30844,29.99,2015-03-02 15:38:30+00:00,processed
1653,30397,49.99,2015-03-02 17:50:03+00:00,processed
1654,30746,45.99,2015-03-02 19:15:03+00:00,processed
1655,30867,29.99,2015-03-02 21:42:26+00:00,processed
1656,30931,45.99,2015-03-03 08:06:49+00:00,processed
1657,30553,45.99,2015-03-03 11:26:35+00:00,processed
1658,30933,59.99,2015-03-03 14:36:51+00:00,processed
1659,31066,49.99,2015-03-03 19:08:32+00:00,processed
1660,30509,29.99,2015-03-04 07:28:48+00:00,processed
1661,30977,29.99,2015-03-04 08:18:32+00:00,processed
1662,30845,49.99,2015-03-04 09:38:48+00:00,processed
1663,31132,49.99,2015-03-04 19:07:37+00:00,processed
1664,31113,49.99,2015-03-05 08:01:50+00:00,processed
1665,30641,49.99,2015-03-05 15:06:47+00:00,processed
1666,30941,45.99,2015-03-07 09:10:22+00:00,processed
1667,30810,49.99,2015-03-07 11:25:13+00:00,processed
1668,30486,49.99,2015-03-07 19:55:53+00:00,processed
1669,30571,49.99,2015-03-07 21:15:28+00:00,processed
1670,31311,49.99,2015-03-08 01:59:24+00:00,processed
1671,30884,49.99,2015-03-08 05:08:19+00:00,processed
1672,30901,45.99,2015-03-08 11:32:07+00:00,processed
1673,30718,45.99,2015-03-09 02:20:20+00:00,processed
1674,31078,45.99,2015-03-09 18:45:42+00:00,processed
1675,31283,45.99,2015-03-10 11:59:23+00:00,processed
1676,31040,49.99,2015-03-10 18:12:05+00:00,processed
1677,31023,29.99,2015-03-10 19:26:59+00:00,processed
1678,30722,49.99,2015-03-11 00:47:31+00:00,processed
1679,30952,45.99,2015-03-11 02:57:45+00:00,processed
1680,30804,29.99,2015-03-11 16:47:09+00:00,processed
1681,31181,49.99,2015-03-11 19:45:12+00:00,processed
1682,31486,49.99,2015-03-12 20:36:38+00:00,processed
1683,30872,45.99,2015-03-13 05:05:46+00:00,processed
1684,31489,45.99,2015-03-13 09:39:57+00:00,processed
1685,31183,45.99,2015-03-13 12:05:41+00:00,processed
1686,31561,59.99,2015-03-13 15:01:06+00:00,processed
1687,31256,29.99,2015-03-13 15:25:22+00:00,processed
1688,31014,49.99,2015-03-13 17:33:02+00:00,processed
1689,31622,49.99,2015-03-14 09:53:35+00:00,processed
1690,31578,49.99,2015-03-14 13:21:19+00:00,processed
1691,31720,49.99,2015-03-14 16:11:27+00:00,processed
1692,31638,45.99,2015-03-15 08:40:25+00:00,processed
1693,31905,45.99,2015-03-15 12:31:01+00:00,processed
1694,31335,49.99,2015-03-15 22:33:22+00:00,processed
1695,31984,49.99,2015-03-16 10:30:05+00:00,processed
1696,31449,49.99,2015-03-16 21:21:34+00:00,processed
1697,31133,49.99,2015-03-17 04:09:52+00:00,processed
1698,31695,49.99,2015-03-17 05:40:17+00:00,processed
1699,31281,49.99,2015-03-17 09:52:07+00:00,processed
1700,31486,45.99,2015-03-17 17:36:38+00:00,processed
1701,32043,45.99,2015-03-17 17:53:08+00:00,processed
1702,31527,29.99,2015-03-17 21:45:11+00:00,processed
1703,31266,49.99,2015-03-18 13:55:14+00:00,processed
1704,31545,45.99,2015-03-18 15:00:54+00:00,processed
1705,31914,59.99,2015-03-19 06:18:08+00:00,processed
1706,31579,45.99,2015-03-19 11:28:48+00:00,processed
1707,31517,49.99,2015-03-19 16:46:20+00:00,processed
1708,31412,45.99,2015-03-20 12:44:12+00:00,processed
1709,31957,49.99,2015-03-21 03:22:50+00:00,processed
1710,32072,49.99,2015-03-21 04:05:07+00:00,processed
1711,31699,45.99,2015-03-21 09:18:39+00:00,processed
1712,32065,49.99,2015-03-21 10:13:40+00:00,processed
1713,31690,49.99,2015-03-22 00:42:54+00:00,processed
1714,31678,45.99,2015-03-22 01:40:10+00:00,processed
1715,32152,49.99,2015-03-22 02:31:53+00:00,processed
1716,31760,45.99,2015-03-22 03:15:55+00:00,processed
1717,32077,59.99,2015-03-22 21:30:42+00:00,processed
1718,31871,49.99,2015-03-23 02:52:58+00:00,processed
1719,31830,45.99,2015-03-23 15:19:57+00:00,processed
1720,31733,59.99,2015-03-24 03:47:15+00:00,processed
1721,32055,45.99,2015-03-27 03:24:58+00:00,processed
1722,32191,49.99,2015-03-27 10:10:53+00:00,processed
1723,32051,45.99,2015-03-27 12:16:02+00:00,processed
1724,32156,45.99,2015-03-28 05:34:49+00:00,processed
1725,31884,49.99,2015-03-28 08:38:31+00:00,processed
1726,32111,49.99,2015-03-29 23:41:36+00:00,processed
1727,32255,59.99,2015-03-30 09:37:23+00:00,processed
1728,32049,49.99,2015-03-30 21:33:51+00:00,processed
1729,32090,49.99,2015-03-31 19:59:48+00:00,processed
1730,32079,59.99,2015-04-01 03:54:48+00:00,processed
1731,32252,45.99,2015-04-01 18:11:08+00:00,processed
